Channel_ID,Channel_Name,Message_ID,Global_ID,Date_UTC,Date_Local,Sender_ID,Sender_Name,Message_Type,Message_Text,Views,Forwards,Replies,Media_Type
1104344271,"–ù–µ –±–∞–≥, –∞ —Ñ–∏—á–∞",22389,N/A,2025-12-17 05:41:01,2025-12-17 11:11:01,1104344271,"–ù–µ –±–∞–≥, –∞ —Ñ–∏—á–∞ (@bugnotfeature)",media,"üî• **2-–π —Å–µ–∑–æ–Ω —Å–µ—Ä–∏–∞–ª–∞ Fallout –í–´–®–ï–õ** ‚Äî –ø—Ä–æ–¥–æ–ª–∂–µ–Ω–∏–µ –¢–í-–∞–¥–∞–ø—Ç–∞—Ü–∏–∏ –∫—É–ª—å—Ç–æ–≤–æ–π –∏–≥—Ä—ã —É–∂–µ –¥–æ—Å—Ç—É–ø–Ω–æ –¥–ª—è –ø—Ä–æ—Å–º–æ—Ç—Ä–∞.   –£ —Å–µ–∑–æ–Ω–∞ **–Ω–µ—Ä–µ–∞–ª—å–Ω—ã–µ 97% –ø–æ–ª–æ–∂–∏—Ç–µ–ª—å–Ω—ã—Ö —Ä–µ—Ü–µ–Ω–∑–∏–π** –Ω–∞ Rotten Tomatoes ‚Äî –∫—Ä–∏—Ç–∏–∫–∏ —É—Ç–≤–µ—Ä–∂–¥–∞—é—Ç, —á—Ç–æ –∞–≤—Ç–æ—Ä—ã **—É–ª—É—á—à–∏–ª–∏ –ö–ê–ñ–î–´–ô –∞—Å–ø–µ–∫—Ç!** –°—é–∂–µ—Ç, –ª–æ—Ä, –±–æ–µ–≤—ã–µ —Å—Ü–µ–Ω—ã –∏ –¥—Ä–∞–º–∞ ‚Äî –≤—Å—ë –Ω–∞ –≤—ã—Å—à–µ–º —É—Ä–æ–≤–Ω–µ.  –°–µ–≥–æ–¥–Ω—è –≤—Å–ø–æ–º–∏–Ω–∞–µ–º –∑–∏–º—É, –ø—É—Ç–µ—à–µ—Å—Ç–≤–∏—è –ø–æ –∑–Ω–æ–π–Ω–æ–π –ú–æ—Ö–∞–≤–µ.  üôÇ [–ù–µ –±–∞–≥, –∞ —Ñ–∏—á–∞](https://t.me/bugnotfeature)",7076,143,0,Photo
1104344271,"–ù–µ –±–∞–≥, –∞ —Ñ–∏—á–∞",22388,N/A,2025-12-16 21:43:03,2025-12-17 03:13:03,1104344271,"–ù–µ –±–∞–≥, –∞ —Ñ–∏—á–∞ (@bugnotfeature)",media,"‚ö†Ô∏è **–ì–∏–±–µ—Ä–Ω–∞—Ü–∏—è –ñ–†–Å–¢ –¥–æ ****3Ô∏è‚É£****0Ô∏è‚É£**** –ì–ë –Ω–∞ –∂—ë—Å—Ç–∫–æ–º –¥–∏—Å–∫–µ –≤–∞—à–µ–≥–æ –ü–ö **‚Äî —Ñ–∞–π–ª `hiberfil.sys` –Ω–∞ Windows 10 –∏ 11 –∑–∞–Ω–∏–º–∞–µ—Ç –∫—É—á—É –º–µ—Å—Ç–∞ –Ω–∞ SSD/HDD –∏ –∞–±—Å–æ–ª—é—Ç–Ω–æ –±–µ—Å–ø–æ–ª–µ–∑–µ–Ω.   **–ì–∏–±–µ—Ä–Ω–∞—Ü–∏—è **‚Äî —ç—Ç–æ —Å–ø—è—â–∏–π —Ä–µ–∂–∏–º —Å –æ–¥–Ω–∏–º –ù–û: Windows –ø–∏—à–µ—Ç –í–°–Å —Å –æ–ø–µ—Ä–∞—Ç–∏–≤–Ω–æ–π –ø–∞–º—è—Ç–∏ –Ω–∞ –∂—ë—Å—Ç–∫–∏–π –¥–∏—Å–∫, –∞ –ø–æ—Ç–æ–º –≤–æ—Å–ø—Ä–æ–∏–∑–≤–æ–¥–∏—Ç –∏–Ω—Ñ—É –ø—Ä–∏ –≤–æ–∑–≤—Ä–∞—â–µ–Ω–∏–∏ —é–∑–µ—Ä–∞.  –ö–∞–∫ —É–¥–∞–ª–∏—Ç—å –±–µ—Å–ø–æ–ª–µ–∑–Ω—É—é —Ñ–∏—á—É:  1Ô∏è‚É£ –ù–∞–∂–∏–º–∞–µ–º **Win + R** ‚Üí –≤–≤–æ–¥–∏–º `control folders` ‚Üí –û—Ç–∫—Ä—ã–≤–∞–µ–º **¬´–í–∏–¥¬ª** ‚Üí –ø—Ä–æ–ª–∏—Å—Ç—ã–≤–∞–µ–º **–≤–Ω–∏–∑.** 2Ô∏è‚É£ –í–∫–ª—é—á–∞–µ–º –≥–∞–ª–æ—á–∫—É **¬´–ü–æ–∫–∞–∑—ã–≤–∞—Ç—å —Å–∫—Ä—ã—Ç—ã–µ —Ñ–∞–π–ª—ã¬ª.** 3Ô∏è‚É£ –§–∞–π–ª `hiberfil.sys` –æ–∫–∞–∂–µ—Ç—Å—è **–≤ –∫–æ—Ä–Ω–µ–≤–æ–π –ø–∞–ø–∫–µ –¥–∏—Å–∫–∞ –° **‚Äî –µ—Å–ª–∏ –µ–≥–æ –Ω–µ—Ç, —É –≤–∞—Å –Ω–µ—Ç –≥–∏–±–µ—Ä–Ω–∞—Ü–∏–∏, –º–æ–∂–Ω–æ –Ω–∏—á–µ–≥–æ –Ω–µ –¥–µ–ª–∞—Ç—å.  4Ô∏è‚É£ –ß—Ç–æ–±—ã —É–¥–∞–ª–∏—Ç—å ‚Äî –∑–∞–ø—É—Å–∫–∞–µ–º **–¢–µ—Ä–º–∏–Ω–∞–ª **–∏ –≤–≤–æ–¥–∏–º `powercfg -h off` –∏–ª–∏ `powercfg /h off`   üî§üî§üî§  –¢–µ–ø–µ—Ä—å **30 –ì–ë –º–µ—Å—Ç–∞ –Ω–∞ –≤–∞—à–µ–º –∂–µ—Å—Ç–∫–æ–º –¥–∏—Å–∫–µ –°–í–û–ë–û–î–ù–´** ‚Äî –º–æ–∂–Ω–æ –∑–∞–∫–∞—á–∞—Ç—å –∏–≥—Ä—ã, —Ñ–∏–ª—å–º—ã –∏ —á—Ç–æ —É–≥–æ–¥–Ω–æ. ** ** –°–æ—Ö—Ä–∞–Ω—è–π—Ç–µ –≥–∞–π–¥.  üôÇ [–ù–µ –±–∞–≥, –∞ —Ñ–∏—á–∞](https://t.me/bugnotfeature)",29562,1247,0,Photo
1104344271,"–ù–µ –±–∞–≥, –∞ —Ñ–∏—á–∞",22387,N/A,2025-12-16 19:08:12,2025-12-17 00:38:12,1104344271,"–ù–µ –±–∞–≥, –∞ —Ñ–∏—á–∞ (@bugnotfeature)",media,"‚ö°Ô∏è **Steam –≤—ã–∫–∞—Ç–∏–ª –ø–µ—Ä—Å–æ–Ω–∞–ª—å–Ω—ã–µ –ò–¢–û–ì–ò –ì–û–î–ê –¥–ª—è –≤—Å–µ—Ö** ‚Äî –º–æ–∂–Ω–æ –ø–æ—Å–º–æ—Ç—Ä–µ—Ç—å, —Å–∫–æ–ª—å–∫–æ –≤—Ä–µ–º–µ–Ω–∏ –≤—ã –∏–≥—Ä–∞–ª–∏ –≤ —Å–≤–æ–∏ –ª—é–±–∏–º—ã–µ –∏–≥—Ä—ã.   –ü—Ä–æ–≤–µ—Ä—è–µ–º –∏ –¥–µ–ª–∏–º—Å—è —Å –¥—Ä—É–∑—å—è–º–∏ ‚Äî [—Ç—É—Ç.](https://store.steampowered.com/replay/my/2025)  üôÇ [–ù–µ –±–∞–≥, –∞ —Ñ–∏—á–∞](https://t.me/bugnotfeature)",33975,285,0,Photo
1104344271,"–ù–µ –±–∞–≥, –∞ —Ñ–∏—á–∞",22386,N/A,2025-12-16 18:22:19,2025-12-16 23:52:19,1104344271,"–ù–µ –±–∞–≥, –∞ —Ñ–∏—á–∞ (@bugnotfeature)",media,"‚ö°Ô∏è **OpenAI –≤—ã–∫–∞—Ç–∏–ª–∞ —Å–≤–æ–π –ù–ï–ô–†–û–§–û–¢–û–®–û–ü **‚Äî** **—É–±–∏–π—Ü–∞** Nano Banana Pro **–¥–æ—Å—Ç—É–ø–µ–Ω –¥–ª—è –≤—Å–µ—Ö –∏ –±–µ—Å–ø–ª–∞—Ç–Ω–æ.   ChatGPT Images —É–º–µ–µ—Ç –í–°–Å:  üîÖ –†–∞–±–æ—Ç–∞–µ—Ç –≤ 4Ô∏è‚É£** —Ä–∞–∑–∞ –±—ã—Å—Ç—Ä–µ–µ.** üîÖ –ò–¥–µ–∞–ª—å–Ω–æ —Å–æ–±–ª—é–¥–∞–µ—Ç –∑–∞–ø—Ä–æ—Å—ã –∏ **–Ω–µ –æ—à–∏–±–∞–µ—Ç—Å—è. ** üîÖ **–°—É–ø–µ—Ä—Ç–æ—á–Ω–æ** —Ä–µ–¥–∞–∫—Ç–∏—Ä—É–µ—Ç –ø–∏–∫—á–∏.   –ü—Ä–æ–±—É–µ–º –ø–µ—Ä–≤—ã–º–∏ ‚Äî [—Ç—É—Ç.](https://chatgpt.com/)  üôÇ [–ù–µ –±–∞–≥, –∞ —Ñ–∏—á–∞](https://t.me/bugnotfeature)",35244,767,0,Document
1104344271,"–ù–µ –±–∞–≥, –∞ —Ñ–∏—á–∞",22385,N/A,2025-12-16 18:04:17,2025-12-16 23:34:17,1104344271,"–ù–µ –±–∞–≥, –∞ —Ñ–∏—á–∞ (@bugnotfeature)",media,"‚ö°Ô∏è **–ì–µ–π–º–µ—Ä–∞ –≤ CS2 —Ä–∞–∑–≤–µ–ª–∏ –Ω–∞ –ú–ò–õ–õ–ò–û–ù —Ä—É–±–ª–µ–π –ø–æ ¬´—Å—Ö–µ–º–µ –î–æ–ª–∏–Ω–æ–π¬ª **‚Äî –±–µ–¥–Ω—è–≥–∞ –∫—É–ø–∏–ª AWP Dragon Lore –∑–∞ $12 —Ç—ã—Å—è—á, –Ω–æ —É–∂–µ —á–µ—Ä–µ–∑ –ø–∞—Ä—É –¥–Ω–µ–π —Å–∫–∏–Ω –ò–°–ß–ï–ó –∏–∑ –∏–Ω–≤–µ–Ω—Ç–∞—Ä—è.** ** –û–∫–∞–∑–∞–ª–æ—Å—å, —á—Ç–æ –ø—Ä–æ–¥–∞–≤–µ—Ü —Å—Ä–∞–∑—É –Ω–∞–ø–∏—Å–∞–ª –≤ –ø–æ–¥–¥–µ—Ä–∂–∫—É –∏ –ø–æ–∂–∞–ª–æ–≤–∞–ª—Å—è, —á—Ç–æ –ø—Ä–æ–¥–∞–ª —Å–∫–∏–Ω **¬´–ø–æ–¥ –≤–ª–∏—è–Ω–∏–µ–º –º–æ—à–µ–Ω–Ω–∏–∫–æ–≤¬ª. **–î–æ–≤–µ—Ä—á–∏–≤—ã–µ —Å–æ—Ç—Ä—É–¥–Ω–∏–∫–∏** –≤–µ—Ä–Ω—É–ª–∏ –µ–º—É –ø—Ä–µ–¥–º–µ—Ç,** –Ω–æ –ù–ï –í–ï–†–ù–£–õ–ò –¥–µ–Ω—å–≥–∏ –ø–æ–∫—É–ø–∞—Ç–µ–ª—é.   –í –∏—Ç–æ–≥–µ —Å–∫–∞–º–µ—Ä —É—Å–ø–µ–ª –≤—ã–≤–µ—Å—Ç–∏ —Å—Ä–µ–¥—Å—Ç–≤–∞ –∏–∑ –∫–æ—à–µ–ª—å–∫–∞ Steam, –∞ –≥–µ–π–º–µ—Ä **–æ—Å—Ç–∞–ª—Å—è –Ω–∏ —Å —á–µ–º. **  üôÇ [–ù–µ –±–∞–≥, –∞ —Ñ–∏—á–∞](https://t.me/bugnotfeature)",32052,410,0,Photo
1104344271,"–ù–µ –±–∞–≥, –∞ —Ñ–∏—á–∞",22384,N/A,2025-12-16 16:59:08,2025-12-16 22:29:08,1104344271,"–ù–µ –±–∞–≥, –∞ —Ñ–∏—á–∞ (@bugnotfeature)",media,"‚ö°Ô∏è **–í—ã—à–µ–ª —Ç—Ä–µ–π–ª–µ—Ä –Ω–æ–≤–æ–≥–æ —Ñ–∏–ª—å–º–∞ –ª–µ–≥–µ–Ω–¥–∞—Ä–Ω–æ–≥–æ –°—Ç–∏–≤–µ–Ω–∞ –°–ø–∏–ª–±–µ—Ä–≥–∞ **‚Äî —Å—é–∂–µ—Ç Disclosure Day —Ä–∞—Å—Å–∫–∞–∂–µ—Ç –æ –≤—Ç–æ—Ä–∂–µ–Ω–∏–∏ –∏–Ω–æ–ø–ª–∞–Ω–µ—Ç—è–Ω –Ω–∞ –ó–µ–º–ª—é.   –ì–ª–∞–≤–Ω—ã–µ —Ä–æ–ª–∏ –∏—Å–ø–æ–ª–Ω–∏–ª–∏ **–≠–º–∏–ª–∏ –ë–ª–∞–Ω—Ç** (¬´–ì—Ä–∞–Ω—å –±—É–¥—É—â–µ–≥–æ¬ª) –∏ **–î–∂–æ—à –û‚Äô–ö–æ–Ω–Ω–æ—Ä** (¬´–î–æ—Å—Ç–∞—Ç—å –Ω–æ–∂–∏: –ü—Ä–æ—Å–Ω–∏—Å—å, –º–µ—Ä—Ç–≤–µ—Ü¬ª).  –ü—Ä–µ–º—å–µ—Ä–∞ ‚Äî 12 –∏—é–Ω—è 2026 –≥–æ–¥–∞.  üôÇ [–ù–µ –±–∞–≥, –∞ —Ñ–∏—á–∞](https://t.me/bugnotfeature)",31394,241,0,Document
1104344271,"–ù–µ –±–∞–≥, –∞ —Ñ–∏—á–∞",22383,N/A,2025-12-16 15:27:40,2025-12-16 20:57:40,1104344271,"–ù–µ –±–∞–≥, –∞ —Ñ–∏—á–∞ (@bugnotfeature)",media,"‚ö°Ô∏è **–í–°–ï –¥–æ–º–æ–≤—ã–µ —á–∞—Ç—ã –ø–µ—Ä–µ–≤–µ–¥—É—Ç –≤ MAX** ‚Äî –ì–æ—Å–¥—É–º–∞ –ø—Ä–∏–Ω—è–ª–∞ –Ω–æ–≤—ã–π –∑–∞–∫–æ–Ω —Å—Ä–∞–∑—É –≤–æ –≤—Ç–æ—Ä–æ–º –∏ —Ç—Ä–µ—Ç—å–µ–º —á—Ç–µ–Ω–∏–∏, –¥–∞–ª—å—à–µ –µ–≥–æ –¥–æ–ª–∂–µ–Ω –æ–¥–æ–±—Ä–∏—Ç—å –°–æ–≤–µ—Ç –§–µ–¥–µ—Ä–∞—Ü–∏–∏ –∏ –ü—É—Ç–∏–Ω.  –¢–µ–ø–µ—Ä—å —É–ø—Ä–∞–≤–ª—è—é—â–∏–µ –∫–æ–º–ø–∞–Ω–∏–∏, –∫–æ–º–º—É–Ω–∞–ª—å—â–∏–∫–∏ –∏ –≤—Å–µ –ø—Ä–æ—Ñ–∏–ª—å–Ω—ã–µ –æ—Ä–≥–∞–Ω–∏–∑–∞—Ü–∏–∏ –æ–±—è–∑–∞–Ω—ã –±—É–¥—É—Ç –æ–±—â–∞—Ç—å—Å—è —Å –∂–∏–ª—å—Ü–∞–º–∏ **–¢–û–õ–¨–ö–û —á–µ—Ä–µ–∑ –≥–æ—Å—É–¥–∞—Ä—Å—Ç–≤–µ–Ω–Ω—ã–π –º–µ—Å—Å–µ–Ω–¥–∂–µ—Ä. **  –í—ã–≤–æ–∑ –º—É—Å–æ—Ä–∞ —Ç–µ–ø–µ—Ä—å —Ç–æ–ª—å–∫–æ —á–µ—Ä–µ–∑ MAX.   üôÇ [–ù–µ –±–∞–≥, –∞ —Ñ–∏—á–∞](https://t.me/bugnotfeature)",33777,349,0,Photo
1104344271,"–ù–µ –±–∞–≥, –∞ —Ñ–∏—á–∞",22382,N/A,2025-12-16 14:39:58,2025-12-16 20:09:58,1104344271,"–ù–µ –±–∞–≥, –∞ —Ñ–∏—á–∞ (@bugnotfeature)",media,"**–ö–∏–±–µ—Ä–ø—Å–∏—Ö–æ–∑ –Ω–∞—á–∞–ª—Å—è —É —Ä–æ—Å—Å–∏–π—Å–∫–∏—Ö –∞–≤—Ç–æ–±—É—Å–æ–≤. **–ö–∏–±–µ—Ä–ø–∞–Ω–∫, –∫–æ—Ç–æ—Ä—ã–π –º—ã –∑–∞—Å–ª—É–∂–∏–ª–∏.  üôÇ [–ù–µ –±–∞–≥, –∞ —Ñ–∏—á–∞](https://t.me/bugnotfeature)",32125,225,0,Document
1104344271,"–ù–µ –±–∞–≥, –∞ —Ñ–∏—á–∞",22381,N/A,2025-12-16 12:17:33,2025-12-16 17:47:33,1104344271,"–ù–µ –±–∞–≥, –∞ —Ñ–∏—á–∞ (@bugnotfeature)",media,,35854,618,0,Photo
1104344271,"–ù–µ –±–∞–≥, –∞ —Ñ–∏—á–∞",22380,N/A,2025-12-16 12:17:33,2025-12-16 17:47:33,1104344271,"–ù–µ –±–∞–≥, –∞ —Ñ–∏—á–∞ (@bugnotfeature)",media,,35964,599,0,Photo
1104344271,"–ù–µ –±–∞–≥, –∞ —Ñ–∏—á–∞",22379,N/A,2025-12-16 12:17:33,2025-12-16 17:47:33,1104344271,"–ù–µ –±–∞–≥, –∞ —Ñ–∏—á–∞ (@bugnotfeature)",media,,35728,604,0,Photo
1104344271,"–ù–µ –±–∞–≥, –∞ —Ñ–∏—á–∞",22378,N/A,2025-12-16 12:17:33,2025-12-16 17:47:33,1104344271,"–ù–µ –±–∞–≥, –∞ —Ñ–∏—á–∞ (@bugnotfeature)",media,"‚ö°Ô∏è**–ö–∏—Ç–∞–π—Å–∫–∏–µ —Ç—É—Ä–∏—Å—Ç—ã –í –®–û–ö–ï –æ—Ç –†–æ—Å—Å–∏–∏ ‚Äî **–ø—Ä–∏–ª–µ—Ç–µ–≤—à–∏–µ –ø–æ –±–µ–∑–≤–∏–∑—É –±—É–∫–≤–∞–ª—å–Ω–æ –û–ë–ê–õ–î–ï–õ–ò –æ—Ç –º–µ—Å—Ç–Ω—ã—Ö —Ä–µ–∞–ª–∏–π, –∫–æ—Ç–æ—Ä—ã–µ –¥–∞–≤–Ω–æ –ø—Ä–∏–≤—ã—á–Ω—ã –≥—Ä–∞–∂–¥–∞–Ω–∞–º –†–§.  –°–∞–º—ã–µ —è—Ä–∫–∏–µ –ø—Ä–∏–º–µ—Ä—ã: üîÖ**–ü–æ –ø—Ä–∏–ª–µ—Ç–µ –∏–Ω–µ—Ç –ù–ï –†–ê–ë–û–¢–ê–ï–¢ 24 —á–∞—Å–∞ ‚Äî** –¥–∞–∂–µ –æ–ø–ª–∞—á–µ–Ω–Ω—ã–π –ø–∞–∫–µ—Ç —Ä–æ—É–º–∏–Ω–≥–∞ –±–µ—Å–ø–æ–ª–µ–∑–µ–Ω; üîÖ**–ù–∏–∫–∞–∫–∏—Ö –ø—Ä–µ—Å—Ç–∏–∂–Ω—ã—Ö –æ—Ç–µ–ª–µ–π –≤—Ä–æ–¥–µ Hilton –∏ Marriott ‚Äî **–æ—Å—Ç–∞–ª–∏—Å—å —Ç–æ–ª—å–∫–æ –º–µ—Å—Ç–Ω—ã–µ –≥–æ—Å—Ç–∏–Ω–∏—Ü—ã, –∫–æ—Ç–æ—Ä—ã–µ –∫–∏—Ç–∞–π—Ü–∞–º –Ω–µ–∏–∑–≤–µ—Å—Ç–Ω—ã; üîÖ**–†—É–±–ª—å –≤–Ω–µ–∑–∞–ø–Ω–æ —Å–∏–ª—ë–Ω –∏ —Ü–µ–Ω—ã –≤ –°–æ—á–∏ –¥–∞–∂–µ –≤—ã—à–µ,** —á–µ–º –Ω–∞ –≥–æ—Ä–Ω–æ–ª—ã–∂–∫–µ –≤–æ –§—Ä–∞–Ω—Ü–∏–∏; üîÖ**GPS ‚Äî –Ω–µ –ø–∞—à–µ—Ç, **–∏ –≤ –≤–µ–∫ –ò–ò –ø—Ä–∏—Ö–æ–¥–∏—Ç—Å—è –∫–∞—Ç–∞—Ç—å—Å—è –ø–æ –∑–Ω–∞–∫–∞–º; üîÖ**WeChat, AliPay, Visa –∏ MasterCard ‚Äî –ë–ï–°–ü–û–õ–ï–ó–ù–´.** –û–Ω–∏ –ø—Ä–æ—Å—Ç–æ –Ω–µ —Ä–∞–±–æ—Ç–∞—é—Ç.  –ö–∞–∫ –∂–µ –º—ã –∏—Ö –ø–æ–Ω–∏–º–∞–µ–º.  üôÇ [–ù–µ –±–∞–≥, –∞ —Ñ–∏—á–∞](https://t.me/bugnotfeature)",34890,615,0,Photo
1104344271,"–ù–µ –±–∞–≥, –∞ —Ñ–∏—á–∞",22377,N/A,2025-12-16 11:01:01,2025-12-16 16:31:01,1104344271,"–ù–µ –±–∞–≥, –∞ —Ñ–∏—á–∞ (@bugnotfeature)",media,"–ß–¢–û: **–Ω—é—Ö–∞—Ç—å —Å–≤–æ–∏ –ø—É–∫–∏ –ü–û–õ–ù–ó–ù–û** ‚Äî —Å–µ—Ä–æ–≤–æ–¥–æ—Ä–æ–¥, –∫–æ—Ç–æ—Ä—ã–π –º—ã –≤—ã–¥–µ–ª—è–µ–º, **–ó–ê–©–ò–©–ê–ï–¢ –∫–ª–µ—Ç–∫–∏ –º–æ–∑–≥–∞ –æ—Ç —Å—Ç–∞—Ä–µ–Ω–∏—è** –∏ –ø—Ä–æ—Ç–∏–≤–æ—Å—Ç–æ–∏—Ç –ê–õ–¨–¶–ì–ï–ô–ú–ï–†–£.  –≠—Ç–æ –Ω–µ —à—É—Ç–∫–∞: –≤—Ä–∞—á–∏ –∏–∑ –£–Ω–∏–≤–µ—Ä—Å–∏—Ç–µ—Ç–∞ –•–æ–ø–∫–∏–Ω—Å–∞ –∑–∞—Å—Ç–∞–≤–ª—è–ª–∏ –º—ã—à–µ–π** —Ç—Ä–∏ –º–µ—Å—è—Ü–∞ –Ω—é—Ö–∞—Ç—å —Å–≤–æ–π –º–µ—Ç–µ–æ—Ä–∏–∑–º.** –ò—Ç–æ–≥ ‚Äî –±—É—Å—Ç –ø–∞–º—è—Ç–∏ –∞–∂ **–Ω–∞ 50%!**  –ò–Ω—Ç–µ—Ä–µ—Å–Ω–æ, —Å—Ä–∞–±–æ—Ç–∞–µ—Ç –ª–∏ —Å –ü–ö...  üôÇ [–ù–µ –±–∞–≥, –∞ —Ñ–∏—á–∞](https://t.me/bugnotfeature)",37263,1354,0,Photo
1104344271,"–ù–µ –±–∞–≥, –∞ —Ñ–∏—á–∞",22376,N/A,2025-12-16 09:44:36,2025-12-16 15:14:36,1104344271,"–ù–µ –±–∞–≥, –∞ —Ñ–∏—á–∞ (@bugnotfeature)",media,"‚ö°Ô∏èChatGPT –ö–û–ù–ï–¶: ¬´–ü—è—Ç—ë—Ä–æ—á–∫–∞¬ª –≤—ã–∫–∞—Ç–∏–ª–∞ –ì–∞–ª—èGPT.  üôÇ [–ù–µ –±–∞–≥, –∞ —Ñ–∏—á–∞](https://t.me/bugnotfeature)",36964,650,0,Photo
1104344271,"–ù–µ –±–∞–≥, –∞ —Ñ–∏—á–∞",22375,N/A,2025-12-16 09:01:11,2025-12-16 14:31:11,1104344271,"–ù–µ –±–∞–≥, –∞ —Ñ–∏—á–∞ (@bugnotfeature)",media,"‚ö°Ô∏è**–ó–∞–±–∏—Ä–∞–µ–º –ú–û–©–ù–ï–ô–®–ò–ô –∞–ø—Å–∫–µ–π–ª–µ—Ä –≤–∏–¥–µ–æ Wan Vision Enhancer** ‚Äî —Å–µ—Ä–≤–∏—Å –±—É–∫–≤–∞–ª—å–Ω–æ –∏–∑ –∫–∞—à–∏ –¥–µ–ª–∞–µ—Ç –ø–æ–Ω—è—Ç–Ω–æ–µ –∏ —á–µ—Ç–∫–æ–µ –∏–∑–æ–±—Ä–∞–∂–µ–Ω–∏–µ.  üîÖ–®–∞–∫–∞–ª—å–Ω—ã–µ, –ø–∏–∫—Å–µ–ª—å–Ω—ã–µ –∏ –æ—Ç–≤—Ä–∞—Ç–∏—Ç–µ–ª—å–Ω—ã–µ –≤–∏–¥–æ—Å—ã —É–ª—É—á—à–∞—é—Ç—Å—è –≤ –î–ï–°–Ø–¢–ö–ò —Ä–∞–∑;** ** üîÖ**–ï—Å—Ç—å –ø—è—Ç—å —É—Ä–æ–≤–Ω–µ–π –∫—Ä–µ–∞—Ç–∏–≤–Ω–æ—Å—Ç–∏ ‚Äî** –æ—Ç —Ç–æ—á–Ω–æ–π —Ä–µ—Å—Ç–∞–≤—Ä–∞—Ü–∏–∏ –≤–∏–¥–µ–æ –¥–æ –ø–æ–ª–Ω–æ–≥–æ –ø–µ—Ä–µ–æ—Å–º—ã—Å–ª–µ–Ω–∏—è –∫–∞—Ä—Ç–∏–Ω–∫–∏ –∏ —Å—é–∂–µ—Ç–∞; üîÖ**–ë–∞–∑–∞ ‚Äî Wan –≤ Fal AI,** –æ–¥–Ω–∞ —Ç–æ–ø–æ–≤–∞—è –≤–∏–¥–µ–æ-–Ω–µ–π—Ä–æ–Ω–∫–∞.  –ü–µ—Ä–µ—Å–æ–∑–¥–∞—ë–º –≤–∏–¥–æ—Å—ã [—Ç—É—Ç.](https://fal.ai/models/fal-ai/wan-vision-enhancer)  üôÇ [–ù–µ –±–∞–≥, –∞ —Ñ–∏—á–∞](https://t.me/bugnotfeature)",35529,704,0,Document
1104344271,"–ù–µ –±–∞–≥, –∞ —Ñ–∏—á–∞",22374,N/A,2025-12-16 08:16:23,2025-12-16 13:46:23,1104344271,"–ù–µ –±–∞–≥, –∞ —Ñ–∏—á–∞ (@bugnotfeature)",media,"‚ö°Ô∏è**¬´–ò–ª–ª—é–∑–∏—è –æ–±–º–∞–Ω–∞ 3¬ª –≤—ã—à–ª–∞ –≤ –ë–ï–°–ü–õ–ê–¢–ù–´–• –∫–∏–Ω–æ—Ç–µ–∞—Ç—Ä–∞—Ö!** –≠—Ç–æ ‚Äî —Å–∞–º–∞—è –≤—ã—Å–æ–∫–æ–æ—Ü–µ–Ω—ë–Ω–Ω–∞—è —á–∞—Å—Ç—å —Ç—Ä–∏–ª–æ–≥–∏–∏.  –ü–æ —Å—é–∂–µ—Ç—É –ê—Ç–ª–∞—Å –æ–±—ä–µ–¥–∏–Ω–∏–ª—Å—è —Å –Ω–æ–≤—ã–º –ø–æ–∫–æ–ª–µ–Ω–∏–µ–º –∏–ª–ª—é–∑–∏–æ–Ω–∏—Å—Ç–æ–≤, —á—Ç–æ–±—ã –ø–æ—Ö–∏—Ç–∏—Ç—å —É –º–∞—Ñ–∏–∏ **—Å–∞–º—ã–π –∫—Ä—É–ø–Ω—ã–π –≤ –º–∏—Ä–µ –∫–æ—Ä–æ–ª–µ–≤—Å–∫–∏–π –∞–ª–º–∞–∑.**   –ü–ª–∞–Ω—ã –Ω–∞ –≤–µ—á–µ—Ä –ø–æ—Å—Ç—Ä–æ–µ–Ω—ã.  üôÇ [–ù–µ –±–∞–≥, –∞ —Ñ–∏—á–∞](https://t.me/bugnotfeature)",35539,494,0,Document
1104344271,"–ù–µ –±–∞–≥, –∞ —Ñ–∏—á–∞",22373,N/A,2025-12-16 07:41:31,2025-12-16 13:11:31,1104344271,"–ù–µ –±–∞–≥, –∞ —Ñ–∏—á–∞ (@bugnotfeature)",media,,37970,484,0,Photo
1104344271,"–ù–µ –±–∞–≥, –∞ —Ñ–∏—á–∞",22372,N/A,2025-12-16 07:41:31,2025-12-16 13:11:31,1104344271,"–ù–µ –±–∞–≥, –∞ —Ñ–∏—á–∞ (@bugnotfeature)",media,"üî• **–ê–º –ù—è–º—ã –í–ï–†–ù–£–¢–°–Ø –≤–æ ¬´–í–∫—É—Å–Ω–æ ‚Äî –∏ —Ç–æ—á–∫–∞¬ª!** –ö–æ–ª–ª–∞–±—É —Å –∑–µ–ª—ë–Ω—ã–º –º–æ–Ω—Å—Ç—Ä–∏–∫–æ–º —Å—Ç–∞—Ä—Ç—É–µ—Ç **25 –¥–µ–∫–∞–±—Ä—è.**  –ñ–¥—ë–º: üîÖ–ê–º –ù—è–º–∞ –≤ —Å–∏–Ω–µ–π —à–∞–ø–∫–µ; üîÖ–ê–º –ù—è–º–∞ –≤ –æ—Ä–∞–Ω–∂–µ–≤–µ–π –ø–∞–Ω–∞–º–µ; üîÖ–ê–º –ù—è–º–∞ –≤ –∫–æ—Ä–∏—á–Ω–µ–≤–æ–π –∫–µ–ø–∏; üîÖ–ê–º –ù—è–º–∞ –≤ —Ä–æ–∑–æ–≤–æ–π —Ç–µ–Ω–Ω–∏—Å–Ω–æ–π –±–µ–π—Å–±–æ–ª–∫–µ; üîÖ–ê–º –ù—è–º–∞ –≤ —á—ë—Ä–Ω–æ–º —Å–Ω–µ–ø–±–µ–∫–µ.  –û—á–µ—Ä–µ–¥—å –∑–∞ –ø–æ–¥–∞—Ä–∫–æ–º –Ω–∞ –ù–ì –±—É–¥–µ—Ç –±–æ–ª—å—à–æ–π...  üôÇ [–ù–µ –±–∞–≥, –∞ —Ñ–∏—á–∞](https://t.me/bugnotfeature)",38786,518,0,Photo
1104344271,"–ù–µ –±–∞–≥, –∞ —Ñ–∏—á–∞",22371,N/A,2025-12-16 05:46:01,2025-12-16 11:16:01,1104344271,"–ù–µ –±–∞–≥, –∞ —Ñ–∏—á–∞ (@bugnotfeature)",media,"‚ö°Ô∏è**–í Dota 2 –Ω–æ–≤—ã–π –≥–µ—Ä–æ–π **‚Äî –ª—è–≥—É—à–∫—É-–±–∞—Ä–¥–∞ Largo —Ç–æ–ª—å–∫–æ —á—Ç–æ –¥–æ–±–∞–≤–∏–ª–∏ –≤ –∏–≥—Ä—É!  Largo ‚Äî –ø–µ—Ä—Å–æ–Ω–∞–∂ –±–ª–∏–∂–Ω–µ–≥–æ –±–æ—è** —Å —Ñ–æ–∫—É—Å–æ–º –Ω–∞ ¬´–°–∏–ª—É¬ª. **–ü–µ—Ä—Å–æ–Ω–∞–∂ —É—Å–∏–ª–∏–≤–∞–µ—Ç —Å–≤–æ—é –∫–æ–º–∞–Ω–¥—É –∏ –æ—Å–ª–∞–±–ª—è–µ—Ç —Å–æ–ø–µ—Ä–Ω–∏–∫–æ–≤.  –ü–æ—á—Ç–∏ —Å—Ä–µ–¥–∞, —á—É–≤–∞–∫–∏.  üôÇ [–ù–µ –±–∞–≥, –∞ —Ñ–∏—á–∞](https://t.me/bugnotfeature)",36938,506,0,Document
1104344271,"–ù–µ –±–∞–≥, –∞ —Ñ–∏—á–∞",22370,N/A,2025-12-15 23:12:00,2025-12-16 04:42:00,1104344271,"–ù–µ –±–∞–≥, –∞ —Ñ–∏—á–∞ (@bugnotfeature)",media,"‚ö†Ô∏è **–®–∏—Ñ—Ä—É–µ–º –õ–Æ–ë–û–ô —Ñ–∞–π–ª –≤ PNG-–∫–∞—Ä—Ç–∏–Ω–∫—É** ‚Äî –Ω–∞—à–ª–∏ —Å–µ–∫—Ä–µ—Ç–Ω—É—é —Ç—É–ª–∑—É, –∫–æ—Ç–æ—Ä–∞—è —Å–ø—Ä—è—á–µ—Ç –¥–æ–∫—É–º–µ–Ω—Ç—ã, –∞—Ä—Ö–∏–≤—ã –∏ –¥–∞–∂–µ —É—Å—Ç–∞–Ω–æ–≤—â–∏–∫–∏ —É –≤—Å–µ—Ö –Ω–∞ –≤–∏–¥—É.   ShadeofColor –ø—Ä–µ–≤—Ä–∞—â–∞–µ—Ç –ª—é–±—ã–µ —Ñ–∞–π–ª—ã –≤ –æ–±—ã—á–Ω—ã–µ –ø–∏–∫—á–∏:  üîÖ **–†–∞–±–æ—Ç–∞–µ—Ç –±–µ–∑–æ–ø–∞—Å–Ω–æ** ‚Äî –ø—Ä–æ–≥–∞ –∏–∑–≤–ª–µ–∫–∞–µ—Ç –±–∏–Ω–∞—Ä–Ω—ã–π –∫–æ–¥ –∏–∑ —Ñ–∞–π–ª–∞ –∏ –Ω–∞–¥—ë–∂–Ω–æ –ø—Ä—è—á–µ—Ç –µ–≥–æ –≤ PNG.  üîÖ **–û–±—Ö–æ–¥–∏—Ç –≤—Å–µ —Ñ–∏–ª—å—Ç—Ä—ã** ‚Äî –µ—Å–ª–∏ –∫–∞–∫–æ–π-—Ç–æ —Å–µ—Ä–≤–∏—Å –±–ª–æ–∫–∏—Ä—É–µ—Ç –æ—Ç–ø—Ä–∞–≤–∫—É –∞—Ä—Ö–∏–≤–æ–≤, –æ–Ω –æ—Ç–ø—Ä–∞–≤–∏—Ç—Å—è –∫–∞–∫ –ø—Ä–æ—Å—Ç–∞—è —Ñ–æ—Ç–∫–∞.  üîÖ **–ü–µ—Ä–µ–¥–∞—ë—Ç —Ñ–∞–π–ª—ã –ø–æ —Å—Ç–µ–ª—Å—É **‚Äî PNG –ù–ò–ö–û–ì–î–ê –Ω–∏ —É –∫–æ–≥–æ –Ω–µ –≤—ã–∑—ã–≤–∞–µ—Ç –ø–æ–¥–æ–∑—Ä–µ–Ω–∏–π.  üîÖ **–ë–µ—Å–∫–æ–Ω–µ—á–Ω–æ–µ —Ö—Ä–∞–Ω–∏–ª–∏—â–µ **‚Äî –º–æ–∂–Ω–æ –ø—Ä–µ–≤—Ä–∞—Ç–∏—Ç—å –≥–∏–≥–∞–±–∞–π—Ç—ã –¥–∞–Ω–Ω—ã—Ö –≤ –ø–∏–∫—á–∏.  üîÖ **100% –∑–∞—â–∏—Ç–∞ **‚Äî –Ω–∏–∫—Ç–æ –ø–æ—Å—Ç–æ—Ä–æ–Ω–Ω–∏–π –Ω–µ —Å–º–æ–∂–µ—Ç —Ä–∞—Å—à–∏—Ñ—Ä–æ–≤–∞—Ç—å —Ñ–∞–π–ª.   üî§üî§üî§üî§üî§üî§üî§üî§üî§  –°–æ—Ö—Ä–∞–Ω—è–π—Ç–µ –º–µ–≥–∞—à–∏—Ñ—Ä ‚Äî [—Ç—É—Ç.](https://github.com/archistico/ShadeOfColor2)  üôÇ [–ù–µ –±–∞–≥, –∞ —Ñ–∏—á–∞](https://t.me/bugnotfeature)",38784,1435,0,Photo
1104344271,"–ù–µ –±–∞–≥, –∞ —Ñ–∏—á–∞",22369,N/A,2025-12-15 20:43:21,2025-12-16 02:13:21,1104344271,"–ù–µ –±–∞–≥, –∞ —Ñ–∏—á–∞ (@bugnotfeature)",media,,47513,862,0,Photo
1104344271,"–ù–µ –±–∞–≥, –∞ —Ñ–∏—á–∞",22368,N/A,2025-12-15 20:43:21,2025-12-16 02:13:21,1104344271,"–ù–µ –±–∞–≥, –∞ —Ñ–∏—á–∞ (@bugnotfeature)",media,,47384,889,0,Photo
1104344271,"–ù–µ –±–∞–≥, –∞ —Ñ–∏—á–∞",22367,N/A,2025-12-15 20:43:20,2025-12-16 02:13:20,1104344271,"–ù–µ –±–∞–≥, –∞ —Ñ–∏—á–∞ (@bugnotfeature)",media,"‚ö°Ô∏è **YouTube –û–ö–û–ù–ß–ê–¢–ï–õ–¨–ù–û –∑–∞–±–ª–æ–∫–∏—Ä–æ–≤–∞–ª–∏ –≤ –†–æ—Å—Å–∏–∏** ‚Äî —Å–µ—Ä–≤–∏—Å –ø–æ–ª–Ω–æ—Å—Ç—å—é –ø–µ—Ä–µ—Å—Ç–∞–ª —Ä–∞–±–æ—Ç–∞—Ç—å —É –º–Ω–æ–≥–∏—Ö –ø—Ä–æ–≤–∞–π–¥–µ—Ä–æ–≤ –≤ –ü–µ—Ç–µ—Ä–±—É—Ä–≥–µ.   –ù–∞ —ç—Ç–æ–π –Ω–µ–¥–µ–ª–µ **–¥–æ—Å—Ç—É–ø –ø—Ä–æ–ø–∞–ª —É SkyNet, ¬´–µ–¢–µ–ª–µ–∫–æ–º–∞¬ª –∏ ¬´–ù–µ–≤–∞–ª–∏–Ω–∫–∏¬ª** ‚Äî –ø—Ä–æ–≤–∞–π–¥–µ—Ä—ã, —É –∫–æ—Ç–æ—Ä—ã—Ö –µ—â—ë —Ä–∞–±–æ—Ç–∞–ª YouTube. –û–Ω–∏ –∑–∞—è–≤–∏–ª–∏, —á—Ç–æ –æ–≥—Ä–∞–Ω–∏—á–µ–Ω–∏—è –≤–≤–µ–¥–µ–Ω—ã –ø–æ —Ç—Ä–µ–±–æ–≤–∞–Ω–∏—é –†–æ—Å–∫–æ–º–Ω–∞–¥–∑–æ—Ä–∞.   –ë–æ–ª—å—à–µ –Ω–∏–∫–∞–∫–æ–≥–æ –∑–∞–º–µ–¥–ª–µ–Ω–∏—è, —Ç–æ–ª—å–∫–æ –ø–æ–ª–Ω–æ—Ü–µ–Ω–Ω—ã–π –±–∞–Ω ‚Äî —Ç–µ–ø–µ—Ä—å –æ—Ñ–∏—Ü–∏–∞–ª—å–Ω–æ.   üôÇ [–ù–µ –±–∞–≥, –∞ —Ñ–∏—á–∞](https://t.me/bugnotfeature)",44642,933,0,Photo
1104344271,"–ù–µ –±–∞–≥, –∞ —Ñ–∏—á–∞",22366,N/A,2025-12-15 19:08:59,2025-12-16 00:38:59,1104344271,"–ù–µ –±–∞–≥, –∞ —Ñ–∏—á–∞ (@bugnotfeature)",media,,39981,580,0,Photo
1104344271,"–ù–µ –±–∞–≥, –∞ —Ñ–∏—á–∞",22365,N/A,2025-12-15 19:08:58,2025-12-16 00:38:58,1104344271,"–ù–µ –±–∞–≥, –∞ —Ñ–∏—á–∞ (@bugnotfeature)",media,,41292,611,0,Photo
1104344271,"–ù–µ –±–∞–≥, –∞ —Ñ–∏—á–∞",22364,N/A,2025-12-15 19:08:58,2025-12-16 00:38:58,1104344271,"–ù–µ –±–∞–≥, –∞ —Ñ–∏—á–∞ (@bugnotfeature)",media,,40698,604,0,Photo
1104344271,"–ù–µ –±–∞–≥, –∞ —Ñ–∏—á–∞",22363,N/A,2025-12-15 19:08:57,2025-12-16 00:38:57,1104344271,"–ù–µ –±–∞–≥, –∞ —Ñ–∏—á–∞ (@bugnotfeature)",media,"**iOS 26.2 –±–æ–ª—å—à–µ –ù–ï –£–ë–ò–í–ê–ï–¢ –±–∞—Ç–∞—Ä–µ–∏ –∞–π—Ñ–æ–Ω–æ–≤ **‚Äî –Ω–∞ –Ω–æ–≤–æ–π iOS —ç–Ω–µ—Ä–≥–æ–ø–æ—Ç—Ä–µ–±–ª–µ–Ω–∏–µ —Å–Ω–∏–∑–∏–ª–æ—Å—å –∞–∂ –≤ **1Ô∏è‚É£****,****5Ô∏è‚É£****-****2Ô∏è‚É£**** —Ä–∞–∑–∞.**  –†–∞–Ω–µ–µ —é–∑–µ—Ä—ã –∂–∞–ª–æ–≤–∞–ª–∏—Å—å, —á—Ç–æ –ø–æ—Å–ª–µ —É—Å—Ç–∞–Ω–æ–≤–∫–∏ iOS 26 —Å ¬´–∂–∏–¥–∫–∏–º —Å—Ç–µ–∫–ª–æ–º¬ª –∞–π—Ñ–æ–Ω—ã —Å—Ç–∞–ª–∏ –±—ã—Å—Ç—Ä–æ —Ä–∞–∑—Ä—è–∂–∞—Ç—å—Å—è, –Ω–æ **–Ω–æ–≤—ã–π –∞–ø–¥–µ–π—Ç —Ä–µ—à–∏–ª –ø—Ä–æ–±–ª–µ–º—É.  **  –¢–∏–º –ö—É–∫ –ø–æ—á–∏–Ω–∏–ª, –æ–±–Ω–æ–≤–ª—è–µ–º—Å—è.  üôÇ [–ù–µ –±–∞–≥, –∞ —Ñ–∏—á–∞](https://t.me/bugnotfeature)",39805,619,0,Photo
1104344271,"–ù–µ –±–∞–≥, –∞ —Ñ–∏—á–∞",22362,N/A,2025-12-15 18:41:00,2025-12-16 00:11:00,1104344271,"–ù–µ –±–∞–≥, –∞ —Ñ–∏—á–∞ (@bugnotfeature)",media,"**–ü—Ä–∏–∑—ã –∑–∞ –ü–†–û–ú–ü–¢–´** ‚Äî –Ø–Ω–¥–µ–∫—Å –Ω–∞ –º–µ—Ä–æ–ø—Ä–∏—è—Ç–∏–∏ ¬´–ù–æ—á—å –ø—Ä–æ–º–ø—Ç–æ–≤¬ª –Ω–∞–≥—Ä–∞–¥–∏–ª –ø–µ—Ä–≤—ã—Ö –ø–æ–±–µ–¥–∏—Ç–µ–ª–µ–π –í—Å–µ—Ä–æ—Å—Å–∏–π—Å–∫–æ–≥–æ –∫–æ–Ω–∫—É—Ä—Å–∞ –ø–æ –ø—Ä–æ–º–ø—Ç-–∏–Ω–∂–µ–Ω–µ—Ä–∏–Ω–≥—É.   üîÖ **–û–Ω –ø—Ä–æ—Ö–æ–¥–∏–ª –Ω–∞ –ü—Ä–æ–º–ø—Ç—Ö–∞–±–µ **‚Äî –ø–ª–∞—Ç—Ñ–æ—Ä–º–µ —Å –≥–æ—Ç–æ–≤—ã–º–∏ –∏–¥–µ—è–º–∏, –∫–∞–∫ –ø—Ä–∏–º–µ–Ω—è—Ç—å –ò–ò.  üîÖ –ö–æ–Ω–∫—É—Ä—Å –ø–æ —Ä–∞–±–æ—Ç–µ —Å –Ω–µ–π—Ä–æ—Å–µ—Ç—è–º–∏ **—Å—Ç–∞—Ä—Ç–æ–≤–∞–ª –≤ –æ–∫—Ç—è–±—Ä–µ** –∏ –ø—Ä–æ–¥–ª–∏—Ç—Å—è –¶–ï–õ–´–ô –ì–û–î. üîÖ –£—á–∞—Å—Ç–Ω–∏–∫–∞–º –∫–æ–Ω–∫—É—Ä—Å–∞ –Ω—É–∂–Ω–æ –≤—ã–ø–æ–ª–Ω–∏—Ç—å —Å –ø–æ–º–æ—â—å—é –ê–ª–∏—Å—ã AI –õ–Æ–ë–û–ï **—Ç–≤–æ—Ä—á–µ—Å–∫–æ–µ –∑–∞–¥–∞–Ω–∏–µ.** üîÖ –ù–∞ –∫–æ–Ω–∫—É—Ä—Å —É–∂–µ **–ø–æ–¥–∞–Ω–æ 700 —Ä–∞–±–æ—Ç **–∏–∑ 18 –≥–æ—Ä–æ–¥–æ–≤ –†–æ—Å—Å–∏–∏.** **üîÖ –í—Å–µ–≥–æ ‚Äî 8 –Ω–æ–º–∏–Ω–∞—Ü–∏–π, –≤ –∫–∞–∂–¥–æ–π –∏–∑ –Ω–∏—Ö –∂—é—Ä–∏ –≤—ã–±–∏—Ä–∞–µ—Ç **5 –ø–æ–±–µ–¥–∏—Ç–µ–ª–µ–π. **  –ü—Ä–∏–∑–æ–≤–æ–π —Ñ–æ–Ω–¥ ‚Äî –∞–∂ 1Ô∏è‚É£5Ô∏è‚É£ –º–∏–ª–ª–∏–æ–Ω–æ–≤ —Ä—É–±–ª–µ–π. –°–∫–æ—Ä–æ ‚Äî –Ω–æ–≤—ã–µ –∫–æ–Ω–∫—É—Ä—Å—ã.   üôÇ [–ù–µ –±–∞–≥, –∞ —Ñ–∏—á–∞](https://t.me/bugnotfeature)",36383,117,0,Document
1104344271,"–ù–µ –±–∞–≥, –∞ —Ñ–∏—á–∞",22361,N/A,2025-12-15 18:09:05,2025-12-15 23:39:05,1104344271,"–ù–µ –±–∞–≥, –∞ —Ñ–∏—á–∞ (@bugnotfeature)",media,"‚ö°Ô∏è **–í –°–ü–±–ì–£ —Ç–µ–ø–µ—Ä—å —Ä–∞–∑–¥–∞—é—Ç Wi-Fi –¢–û–õ–¨–ö–û —á–µ—Ä–µ–∑ MAX **‚Äî —Å—Ç–∞—Ä—ã–µ –ª–æ–≥–∏–Ω—ã –∏ –ø–∞—Ä–æ–ª–∏ –æ—Ç–∫–ª—é—á–∏–ª–∏, –∞ –Ω–æ–≤—ã–µ –º–æ–∂–Ω–æ –ø–æ–ª—É—á–∏—Ç—å —Ç–æ–ª—å–∫–æ —á–µ—Ä–µ–∑ –≥–æ—Å–º–µ—Å—Å–µ–Ω–¥–∂–µ—Ä.  –í—Ö–æ–¥ –≤ –∏–Ω—Ç–µ—Ä–Ω–µ—Ç —á–µ—Ä–µ–∑ –æ–±—è–∑–∞—Ç–µ–ª—å–Ω—ã–π MAX ‚Äî —Ç–µ–ø–µ—Ä—å —Ä–µ–∞–ª—å–Ω–æ—Å—Ç—å.  üôÇ [–ù–µ –±–∞–≥, –∞ —Ñ–∏—á–∞](https://t.me/bugnotfeature)",35630,492,0,Photo
1104344271,"–ù–µ –±–∞–≥, –∞ —Ñ–∏—á–∞",22360,N/A,2025-12-15 17:13:23,2025-12-15 22:43:23,1104344271,"–ù–µ –±–∞–≥, –∞ —Ñ–∏—á–∞ (@bugnotfeature)",media,"**¬´–û–Ω–æ: –¥–æ–±—Ä–æ –ø–æ–∂–∞–ª–æ–≤–∞—Ç—å –≤ –î–µ—Ä—Ä–∏¬ª ‚Äî –õ–£–ß–®–ò–ô —Å–µ—Ä–∏–∞–ª –≥–æ–¥–∞.** –ö—Ä–∏—Ç–∏–∫–∏ –∏ –∑—Ä–∏—Ç–µ–ª–∏ –æ–∫–∞–∑–∞–ª–∏—Å—å –≤ –≤–æ—Å—Ç–æ—Ä–≥–µ –æ—Ç —Ñ–∏–Ω–∞–ª–∞, –∫–æ—Ç–æ—Ä—ã–π —Å–æ–±—Ä–∞–ª –∫–æ—Å–º–∏—á–µ—Å–∫–∏–µ **9Ô∏è‚É£****,****6Ô∏è‚É£**** –∏–∑ ****1Ô∏è‚É£****0Ô∏è‚É£**** –±–∞–ª–ª–æ–≤ –Ω–∞ IMDb. **  –†–µ–π—Ç–∏–Ω–≥–∏ –≤—Å–µ–≥–æ —Å–µ–∑–æ–Ω–∞:  ‚Ä¢ –≠–ø–∏–∑–æ–¥ 1 ‚Äî **8.0** ‚Ä¢ –≠–ø–∏–∑–æ–¥ 2 ‚Äî **7.7** ‚Ä¢ –≠–ø–∏–∑–æ–¥ 3 ‚Äî **7.6** ‚Ä¢ –≠–ø–∏–∑–æ–¥ 4 ‚Äî **8.1** ‚Ä¢ –≠–ø–∏–∑–æ–¥ 5 ‚Äî **8.7** ‚Ä¢ –≠–ø–∏–∑–æ–¥ 6 ‚Äî **8.1** ‚Ä¢ –≠–ø–∏–∑–æ–¥ 7 ‚Äî **9.4** ‚Ä¢ –≠–ø–∏–∑–æ–¥ 8 ‚Äî **9.6**  –°–µ—Ä–∏–∞–ª **–∑–∞–ø–ª–∞–Ω–∏—Ä–æ–≤–∞–Ω –Ω–∞ —Ç—Ä–∏ —Å–µ–∑–æ–Ω–∞,** –∞ —Å–æ–±—ã—Ç–∏—è –ø—Ä–æ–¥–æ–ª–∂–µ–Ω–∏—è –º–æ–≥—É—Ç —É–π—Ç–∏ –µ—â—ë –¥–∞–ª—å—à–µ –≤ –ø—Ä–æ—à–ª–æ–µ ‚Äî –≤ 1935 –∏ 1908 –≥–æ–¥, –≤ –≥–æ–¥—ã –ø—Ä–æ–±—É–∂–¥–µ–Ω–∏—è –ü–µ–Ω–Ω–∏–≤–∞–π–∑–∞.   –í—Å–µ —Å–µ—Ä–∏–∏ —É–∂–µ –ª–µ–∂–∞—Ç –≤ –±–µ—Å–ø–ª–∞—Ç–Ω—ã—Ö –∫–∏–Ω–æ—Ç–µ–∞—Ç—Ä–∞—Ö.    üôÇ [–ù–µ –±–∞–≥, –∞ —Ñ–∏—á–∞](https://t.me/bugnotfeature)",36542,527,0,Photo
1104344271,"–ù–µ –±–∞–≥, –∞ —Ñ–∏—á–∞",22359,N/A,2025-12-15 16:27:12,2025-12-15 21:57:12,1104344271,"–ù–µ –±–∞–≥, –∞ —Ñ–∏—á–∞ (@bugnotfeature)",media,"‚ö°Ô∏è **–í—Ç–æ—Ä–æ–π —Å–µ–∑–æ–Ω Fallout –Ω–∞—á–Ω—ë—Ç—Å—è –£–ñ–ï –ó–ê–í–¢–†–ê **‚Äî –ø—Ä–µ–º—å–µ—Ä—É —Å–¥–≤–∏–Ω—É–ª–∏ –Ω–∞ –¥–µ–Ω—å —Ä–∞–Ω—å—à–µ, 16 –¥–µ–∫–∞–±—Ä—è.   –î–æ–∂–¥–∞–ª–∏—Å—å.   üôÇ [–ù–µ –±–∞–≥, –∞ —Ñ–∏—á–∞](https://t.me/bugnotfeature)",36142,521,0,Photo
1104344271,"–ù–µ –±–∞–≥, –∞ —Ñ–∏—á–∞",22358,N/A,2025-12-15 16:07:21,2025-12-15 21:37:21,1104344271,"–ù–µ –±–∞–≥, –∞ —Ñ–∏—á–∞ (@bugnotfeature)",media,"**–®–∞–ø–∫—É –æ—Ç –≥–æ–ª–æ–≤–Ω–æ–π –±–æ–ª–∏ –∑–∞–≤–µ–∑–ª–∏ –Ω–∞ –º–∞—Ä–∫–µ—Ç–ø–ª–µ–π—Å—ã **‚Äî –∞–∫—Å–µ—Å—Å—É–∞—Ä –ø–æ–º–æ–≥–∞–µ—Ç –∏–∑–±–∞–≤–∏—Ç—å—Å—è –æ—Ç –º–∏–≥—Ä–µ–Ω–∏ –¥–∞–∂–µ –ë–ï–ó –¢–ê–ë–õ–ï–¢–û–ö.  –í–Ω—É—Ç—Ä–∏ ‚Äî **–æ—Ö–ª–∞–∂–¥–∞—é—â–∏–π –≥–µ–ª—å, **–∫–æ—Ç–æ—Ä—ã–π —Å–Ω–∏–º–∞–µ—Ç –±–æ–ª—å –∏ ¬´–∑–∞—Ç—É–º–∞–Ω–µ–Ω–Ω–æ—Å—Ç—å¬ª –≤ –≥–æ–ª–æ–≤–µ. –ü—Ä–æ—Å—Ç–æ –∫–∏–¥–∞–µ–º —à–∞–ø–∫—É –≤ –º–æ—Ä–æ–∑–∏–ª–∫—É, –Ω–∞–¥–µ–≤–∞–µ–º –∏ –∂–¥—ë–º** 10 –º–∏–Ω—É—Ç.  **–¶–µ–Ω–∞ ‚Äî **–æ—Ç 440 —Ä—É–±–ª–µ–π.**  –ü–æ–¥–∞—Ä–æ–∫ –Ω–∞ –ù–ì –Ω–∞–π–¥–µ–Ω.   üôÇ [–ù–µ –±–∞–≥, –∞ —Ñ–∏—á–∞](https://t.me/bugnotfeature)",37403,726,0,Photo
1104344271,"–ù–µ –±–∞–≥, –∞ —Ñ–∏—á–∞",22357,N/A,2025-12-15 15:31:00,2025-12-15 21:01:00,1104344271,"–ù–µ –±–∞–≥, –∞ —Ñ–∏—á–∞ (@bugnotfeature)",media,"**–°—Ç—É–¥–µ–Ω—Ç –¶–µ–Ω—Ç—Ä–∞–ª—å–Ω–æ–≥–æ —É–Ω–∏–≤–µ—Ä—Å–∏—Ç–µ—Ç–∞ —Å—ç–∫–æ–Ω–æ–º–∏—Ç ¬´–ù–æ—Ä–Ω–∏–∫–µ–ª—é¬ª –î–ï–°–Ø–¢–ö–ò –º–∏–ª–ª–∏–æ–Ω–æ–≤ –≤ –≥–æ–¥! **–Æ–Ω—ã–π –≥–µ–Ω–∏–π [—Å–æ–∑–¥–∞–ª](https://www.kommersant.ru/doc/8290187) –∏–Ω—Ç–µ–ª–ª–µ–∫—Ç—É–∞–ª—å–Ω—É—é —Å–∏—Å—Ç–µ–º—É –¥–ª—è –æ—Ç—Å–ª–µ–∂–∏–≤–∞–Ω–∏—è –¥–µ–≥—Ä–∞–¥–∞—Ü–∏–π –º–µ—Ç–∞–ª–ª–∞.  –°–µ–π—á–∞—Å –ò–ò –ø—Ä–æ–≥–Ω–æ–∑–∏—Ä—É–µ—Ç —Å–æ–¥–µ—Ä–∂–∞–Ω–∏–µ –º–µ—Ç–∞–ª–ª–æ–≤ –Ω–∞ 59 —Ç–æ—á–∫–∞—Ö –≤ —Ç–µ—Ö–Ω–æ–ª–æ–≥–∏—á–µ—Å–∫–æ–π —Ü–µ–ø–æ—á–∫–µ ‚Äî –Ω–∞ –∫–∞–∂–¥–æ–π –º–∏–Ω–∏–º—É–º –ø–æ 2 –º–æ–¥–µ–ª–∏. –ù–æ–≤–æ–≤–≤–µ–¥–µ–Ω–∏–µ —Å—Ç—É–¥–µ–Ω—Ç–∞ –ø–æ–∑–≤–æ–ª—è–µ—Ç —Å—ç–∫–æ–Ω–æ–º–∏—Ç—å **–¥–æ 60 –º–ª–Ω —Ä—É–±. –≤ –≥–æ–¥ –æ—Ç —É–ª—É—á—à–µ–Ω–∏—è –∏–∑–≤–ª–µ—á–µ–Ω–∏—è –ø–æ–ª–µ–∑–Ω–æ–≥–æ –º–µ—Ç–∞–ª–ª–∞** –Ω–∞ –ø–∞—Ä—É –¥–µ—Å—è—Ç—ã—Ö –ø—Ä–æ—Ü–µ–Ω—Ç–Ω–æ–≥–æ –ø—É–Ω–∫—Ç–∞. –ì–ª–∞–≤–Ω–æ–µ ‚Äî —ç—Ç–æ —Ç–æ–ª—å–∫–æ –Ω–∞ –û–î–ù–û–ú –ø—Ä–æ–∏–∑–≤–æ–¥—Å—Ç–≤–µ.   –ö–æ–≥–¥–∞ —ç–∫–æ–Ω–æ–º–∏—è —Ä–µ–∞–ª—å–Ω–æ —ç–∫–æ–Ω–æ–º–Ω–∞  üôÇ [–ù–µ –±–∞–≥, –∞ —Ñ–∏—á–∞](https://t.me/bugnotfeature)",34712,145,0,Photo
1104344271,"–ù–µ –±–∞–≥, –∞ —Ñ–∏—á–∞",22356,N/A,2025-12-15 15:01:12,2025-12-15 20:31:12,1104344271,"–ù–µ –±–∞–≥, –∞ —Ñ–∏—á–∞ (@bugnotfeature)",media,"**–í Excel –º–æ–∂–Ω–æ –¥–µ–ª–∞—Ç—å 3D-–ö–ê–†–¢–´ ‚Äî** —Ñ—É–Ω–∫—Ü–∏—è –∏–∑–Ω–∞—á–∞–ª—å–Ω–æ –≤—Å—Ç—Ä–æ–µ–Ω–∞ –≤ —Å–µ—Ä–≤–∏—Å –∏ –ø–æ–º–æ–≥–∞–µ—Ç –Ω–∞–Ω–æ—Å–∏—Ç—å –¥–∞–Ω–Ω—ã–µ –Ω–∞ –ì–õ–û–ë–£–°.  –û —Ñ–∏—á–µ —Ä–∞—Å—Å–∫–∞–∑–∞–ª–∞ —Ñ–∞–Ω–∞—Ç–∫–∞ —Ç–∞–±–ª–∏—Ü: –æ–Ω–∞ **–æ—Ç–∫–∞–ø–∞–ª–∞ –µ—ë –≤ —Å–ø–µ—Ü–∏–∞–ª—å–Ω–æ–º Discord-–∫–∞–Ω–∞–ª–µ, **–≥–¥–µ —Å–∏–¥—è—Ç —Ç–∞–∫–∏–µ –∂–µ —Ç–∞–±–ª–∏—á–Ω—ã–µ –≥–µ–Ω–∏–∏.  Excel –∏–∑—É—á–µ–Ω –º–µ–Ω—å—à–µ –º–∏—Ä–æ–≤–æ–≥–æ –æ–∫–µ–∞–Ω–∞.  üôÇ [–ù–µ –±–∞–≥, –∞ —Ñ–∏—á–∞](https://t.me/bugnotfeature)",35182,424,0,Photo
1104344271,"–ù–µ –±–∞–≥, –∞ —Ñ–∏—á–∞",22355,N/A,2025-12-15 13:48:22,2025-12-15 19:18:22,1104344271,"–ù–µ –±–∞–≥, –∞ —Ñ–∏—á–∞ (@bugnotfeature)",media,"‚ö°Ô∏è–í—Ç–æ—Ä–∞—è —á–∞—Å—Ç—å —Ñ–∏–Ω–∞–ª–∞ **¬´–û—á–µ–Ω—å —Å—Ç—Ä–∞–Ω–Ω—ã—Ö –¥–µ–ª¬ª ‚Äî **–ü–ï–†–í–´–ô —Ç—Ä–µ–π–ª–µ—Ä!  –ñ–¥—ë–º –ø—É—à–∫—É —É–∂–µ **25 –¥–µ–∫–∞–±—Ä—è.**  üôÇ [–ù–µ –±–∞–≥, –∞ —Ñ–∏—á–∞](https://t.me/bugnotfeature)",35923,303,0,Document
1104344271,"–ù–µ –±–∞–≥, –∞ —Ñ–∏—á–∞",22354,N/A,2025-12-15 13:11:00,2025-12-15 18:41:00,1104344271,"–ù–µ –±–∞–≥, –∞ —Ñ–∏—á–∞ (@bugnotfeature)",media,,40567,115,0,Document
1104344271,"–ù–µ –±–∞–≥, –∞ —Ñ–∏—á–∞",22353,N/A,2025-12-15 13:11:00,2025-12-15 18:41:00,1104344271,"–ù–µ –±–∞–≥, –∞ —Ñ–∏—á–∞ (@bugnotfeature)",media,,40028,95,0,Document
1104344271,"–ù–µ –±–∞–≥, –∞ —Ñ–∏—á–∞",22352,N/A,2025-12-15 13:11:00,2025-12-15 18:41:00,1104344271,"–ù–µ –±–∞–≥, –∞ —Ñ–∏—á–∞ (@bugnotfeature)",media,"**–î–µ–π—Å—Ç–≤—É—é—â–∏–µ –∞–Ω–∏–º–∞—Ç–æ—Ä—ã –ø–æ–∫–∞–∑–∞–ª–∏, –∫–∞–∫ –Ω–∞ —Å–∞–º–æ–º –¥–µ–ª–µ –∏–∑–≥–æ—Ç–∞–≤–ª–∏–≤–∞—é—Ç—Å—è –º—É–ª—å—Ç—Ñ–∏–ª—å–º—ã:** –≤ —Ä–æ–ª–∏–∫–∞—Ö —Å–ø–µ—Ü—ã —Ä–∏—Å—É—é—Ç –ø–µ—Ä—Å–æ–Ω–∞–∂–µ–π ¬´–ü—Ä–æ—Å—Ç–æ–∫–≤–∞—à–∏–Ω–æ¬ª –∏ —Ä–∞—Å—Å–∫–∞–∑—ã–≤–∞—é—Ç, –∑–∞ —á—Ç–æ –ª—é–±—è—Ç –∞–Ω–∏–º–∞—Ü–∏—é.  –≠—Ç–æ ‚Äî –ø–æ–ª–Ω–æ—Ü–µ–Ω–Ω—ã–π –≥–∞–π–¥ –ø–æ —Ä–∏—Å—É–Ω–∫—É –®–∞—Ä–∏–∫–∞, –ú–∞—Ç—Ä–æ—Å–∫–∏–Ω–∞, –ì–∞–ª—á–æ–Ω–∫–∞ –∏ –¥—Ä—É–≥–∏—Ö –≥–µ—Ä–æ–µ–≤ –Ω–∞ –ø–ª–∞–Ω—à–µ—Ç–∞—Ö HUAWEI. –ü–ª—é—Å–æ–º –∏–¥—ë—Ç [—Å–æ–≤–º–µ—Å—Ç–Ω—ã–π –∫–æ–Ω–∫—É—Ä—Å](https://www.mvideo.ru/promo/konkurs-risunkov-souzmultfilm) –ú.–í–∏–¥–µ–æ –∏ ¬´–°–æ—é–∑–º—É–ª—å—Ç—Ñ–∏–ª—å–º–∞¬ª ‚Äî –ø–æ–≤—Ç–æ—Ä–∏—Ç–µ –∑–∞ –º–∞—Å—Ç–µ—Ä–∞–º–∏ –∏ –ø–æ–ª—É—á–∏—Ç–µ –ø—Ä–∏–∑—ã.  –ß—Ç–æ–±—ã —É—á–∞—Å—Ç–≤–æ–≤–∞—Ç—å, –Ω–∞–¥–æ: üîÖ–ù–∞—Ä–∏—Å–æ–≤–∞—Ç—å –≥–µ—Ä–æ—è ¬´–ü—Ä–æ—Å—Ç–æ–∫–≤–∞—à–∏–Ω–æ¬ª –≤ –ø—Ä–∏–ª–æ–∂–µ–Ω–∏–∏ **GoPaint –Ω–∞ –ø–ª–∞–Ω—à–µ—Ç–µ HUAWEI**; üîÖ–í—ã–ª–æ–∂–∏—Ç—å —Ä–∞–±–æ—Ç—É –í–ö–æ–Ω—Ç–∞–∫—Ç–µ –≤ [–≥—Ä—É–ø–ø–µ](https://vk.com/mvideoeldorado) —Å —Ö–µ—à—Ç–µ–≥–æ–º #HUAWEIMatePad12X **–¥–æ 31 –¥–µ–∫–∞–±—Ä—è**; üîÖ–ö–æ–º–∞–Ω–¥–∞ –ú.–í–∏–¥–µ–æ –∏ ¬´–°–æ—é–∑–º—É–ª—å—Ç—Ñ–∏–ª—å–º–∞¬ª –≤—ã–±–µ—Ä–µ—Ç –ª—É—á—à–∏–π —Ä–∏—Å—É–Ω–æ–∫ –∏ **–æ–Ω –ø–æ—è–≤–∏—Ç—Å—è –≤ –º—É–ª—å—Ç—Å–µ—Ä–∏–∞–ª–µ ¬´–ü—Ä–æ—Å—Ç–æ–∫–≤–∞—à–∏–Ω–æ¬ª**.  –†–∞–±–æ—Ç—ã –ø—Ä–∏–Ω–∏–º–∞—é—Ç—Å—è –¥–æ 31 –¥–µ–∫–∞–±—Ä—è. –ò—Ç–æ–≥–∏ ‚Äî –≤ —è–Ω–≤–∞—Ä–µ 2026 –≥–æ–¥–∞. –î–µ—Ä–∑–∞–µ–º.  üôÇ [–ù–µ –±–∞–≥, –∞ —Ñ–∏—á–∞](https://t.me/bugnotfeature)",37631,100,0,Document
1104344271,"–ù–µ –±–∞–≥, –∞ —Ñ–∏—á–∞",22351,N/A,2025-12-15 12:31:05,2025-12-15 18:01:05,1104344271,"–ù–µ –±–∞–≥, –∞ —Ñ–∏—á–∞ (@bugnotfeature)",media,"–û–±–Ω–æ–≤–ª–µ–Ω–∏–µ –≤ –ú–ê–•. –û–±—Å—Ç–∞–Ω–æ–≤–∫–∞.  üôÇ [–ù–µ –±–∞–≥, –∞ —Ñ–∏—á–∞](https://t.me/bugnotfeature)",42440,735,0,Photo
1104344271,"–ù–µ –±–∞–≥, –∞ —Ñ–∏—á–∞",22350,N/A,2025-12-15 11:05:16,2025-12-15 16:35:16,1104344271,"–ù–µ –±–∞–≥, –∞ —Ñ–∏—á–∞ (@bugnotfeature)",media,"‚ÄºÔ∏è**94 –ì–ë –û–ó–£ –º–æ–∂–µ—Ç –°–û–ñ–†–ê–¢–¨ Discord** ‚Äî —Ä–µ–¥–¥–∏—Ç–æ—Ä –ø–æ–∫–∞–∑–∞–ª —Å–∫—Ä–∏–Ω, –≥–¥–µ –≤–∏–¥–Ω–æ, –∫–∞–∫ –∏–∑ 128 –ì–ë ¬´–¥–∏—Å¬ª –∑–∞–Ω—è–ª 3/4 –æ–±—ä—ë–º–∞ –æ–ø–µ—Ä–∞—Ç–∏–≤–∫–∏.  –†–∞–∑—Ä–∞–±—ã Discord —Ç–æ–∂–µ –æ—Ñ–∏–≥–µ–ª–∏ –∏ –±—ã—Å—Ç—Ä–æ –æ—Ç—Ä–µ–∞–≥–∏—Ä–æ–≤–∞–ª–∏ ‚Äî –ø–æ–ø—Ä–æ—Å–∏–ª–∏ –∞–≤—Ç–æ—Ä–∞ —Å–∫—Ä–∏–Ω–∞ **—Å–≤—è–∑–∞—Ç—å—Å—è —Å –Ω–∏–º–∏, —á—Ç–æ–±—ã –ø–æ–Ω—è—Ç—å, –∫–∞–∫ —Ç–∞–∫ –≤—ã—à–ª–æ.**  –ï—â—ë –æ–¥–Ω–∞ –ø—Ä–∏—á–∏–Ω–∞ –ø–æ–¥–æ—Ä–æ–∂–∞–Ω–∏—è –û–ó–£ ‚Äî Discord.  üôÇ [–ù–µ –±–∞–≥, –∞ —Ñ–∏—á–∞](https://t.me/bugnotfeature)",43793,497,0,Photo
1104344271,"–ù–µ –±–∞–≥, –∞ —Ñ–∏—á–∞",22349,N/A,2025-12-15 10:31:01,2025-12-15 16:01:01,1104344271,"–ù–µ –±–∞–≥, –∞ —Ñ–∏—á–∞ (@bugnotfeature)",media,"–í –∏–Ω–µ—Ç–µ –ø–æ–∫–∞–∑–∞–ª–∏, –∫–∞–∫ **–ø—Ä–æ—Ñ–µ—Å—Å–∏–æ–Ω–∞–ª—ã —Ä–∞–±–æ—Ç–∞—é—Ç —Å –ü–ö.**  –ë—É–∫–≤–∞–ª—å–Ω–æ –º—ã.  üôÇ [–ù–µ –±–∞–≥, –∞ —Ñ–∏—á–∞](https://t.me/bugnotfeature)",40584,375,0,Document
1104344271,"–ù–µ –±–∞–≥, –∞ —Ñ–∏—á–∞",22348,N/A,2025-12-15 10:01:01,2025-12-15 15:31:01,1104344271,"–ù–µ –±–∞–≥, –∞ —Ñ–∏—á–∞ (@bugnotfeature)",media,"**–ë—É—Å—Ç–∏ —Å–≤–æ–∏ —Å—Ç–∞—Ä—Ç–∞–ø—ã –±–ª–∞–≥–æ–¥–∞—Ä—è SberUnity **‚Äî —Ä–µ–±—è—Ç–∞ –ø–æ–∫–∞–∑–∞–ª–∏ –≤–∏—Ç—Ä–∏–Ω—É —Å–µ—Ä–≤–∏—Å–æ–≤ –¥–ª—è —Å—Ç–∞—Ä—Ç–∞–ø–æ–≤.  –¢–µ–ø–µ—Ä—å —É —Å—Ç–∞—Ä—Ç–∞–ø–æ–≤ –µ—Å—Ç—å –µ–¥–∏–Ω–æ–µ –ø—Ä–æ—Å—Ç—Ä–∞–Ω—Å—Ç–≤–æ, –≥–¥–µ –º–æ–∂–Ω–æ –≤–∑—è—Ç—å –∏–Ω—Å—Ç—Ä—É–º–µ–Ω—Ç—ã –¥–ª—è —Ä–æ—Å—Ç–∞ –∏ –≤–æ—Å–ø–æ–ª—å–∑–æ–≤–∞—Ç—å—Å—è **16 —ç–∫—Å–∫–ª—é–∑–∏–≤–Ω—ã–º–∏ –æ—Ñ—Ñ–µ—Ä–∞–º–∏** –æ—Ç –ø–∞—Ä—Ç–Ω—ë—Ä–æ–≤:  üîÖ 34 –º–ª–Ω —Ç–æ–∫–µ–Ω–æ–≤ –æ—Ç GigaChat; üîÖ –ì—Ä–∞–Ω—Ç –Ω–∞ 300 —Ç—ã—Å—è—á —Ä—É–±–ª–µ–π –æ—Ç Cloud.ru; üîÖ –ú–µ—Å—è—Ü –ë–ï–°–ü–õ–ê–¢–ù–û –≤ Jivo –∏ inSales; üîÖ –ï—â–µ –¥–µ—Å—è—Ç–æ–∫ —Å–µ—Ä–≤–∏—Å–æ–≤ –¥–ª—è —Ä–∞–∑—Ä–∞–±–æ—Ç–∫–∏, –ø—Ä–æ–¥–∞–∂, —Ñ–∏–Ω–∞–Ω—Å–æ–≤ –∏ —é—Ä–ø–æ–¥–¥–µ—Ä–∂–∫–∏.  –°–º–æ—Ç—Ä–∏–º, —á—Ç–æ –Ω—É–∂–Ω–æ –≤–∞–º [—Ç—É—Ç,](https://sberunity.ru/for-startups?utm_source=telegram&utm_medium=fix&utm_campaign=sber_startup_tg_seeding_december_2025_post&utm_term=bugnotfeature/?erid=2VfnxxJamXo) –∞ –±–æ–ª—å—à–µ –º–æ–∂–Ω–æ —É–∑–Ω–∞—Ç—å –Ω–∞ –∫–∞–Ω–∞–ª–µ –°–±–µ—Ä–°—Ç–∞—Ä—Ç–∞–ø ‚Äî [—Ç—É—Ç.](https://t.me/+LMn4oTrYS6JkZWQy)  üôÇ [–ù–µ –±–∞–≥, –∞ —Ñ–∏—á–∞](https://t.me/bugnotfeature)",39792,164,0,Document
1104344271,"–ù–µ –±–∞–≥, –∞ —Ñ–∏—á–∞",22347,N/A,2025-12-15 09:04:04,2025-12-15 14:34:04,1104344271,"–ù–µ –±–∞–≥, –∞ —Ñ–∏—á–∞ (@bugnotfeature)",media,"‚ö°Ô∏è**–ó–∞–º–µ—Ç–∫–∏ –ê–π—Ñ–æ–Ω–∞ –º–æ–∂–Ω–æ –∏—Å–ø–æ–ª—å–∑–æ–≤–∞—Ç—å –∫–∞–∫ –ú–ï–°–°–ï–ù–î–ñ–ï–†!** –í —Å—Ç–∞–Ω–¥–∞—Ä—Ç–Ω–æ–º –ø—Ä–∏–ª–æ–∂–µ–Ω–∏–∏ –∑–∞–º–µ—Ç–æ–∫ –µ—Å—Ç—å –≤–æ–∑–º–æ–∂–Ω–æ—Å—Ç—å –ø–µ—Ä–µ–ø–∏—Å—ã–≤–∞—Ç—å—Å—è **–¥–∞–∂–µ –ë–ï–ó –ò–ù–¢–ï–†–ù–ï–¢–ê.**  –í—Å—ë, —á—Ç–æ –Ω—É–∂–Ω–æ —Å–¥–µ–ª–∞—Ç—å ‚Äî —ç—Ç–æ: üîÖ–°–æ–∑–¥–∞—Ç—å –Ω–æ–≤—É—é –∑–∞–º–µ—Ç–∫—É; üîÖ–ù–∞–∂–∞—Ç—å ¬´–ü–æ–¥–µ–ª–∏—Ç—å—Å—è¬ª, –∞ –∑–∞—Ç–µ–º ¬´–°–æ–≤–º–µ—Å—Ç–Ω–∞—è —Ä–∞–±–æ—Ç–∞¬ª; üîÖ**–í—ã–±—Ä–∞—Ç—å –∫–æ–Ω—Ç–∞–∫—Ç –∏ –æ—Ç–ø—Ä–∞–≤–∏—Ç—å —Å—Å—ã–ª–∫—É** ‚Äî –≤—Å—ë.  –ñ–¥—ë–º –∑–≤–æ–Ω–∫–∏ –∏ –≤–∏–¥–µ–æ–∫—Ä—É–∂–æ—á–∫–∏.  üôÇ [–ù–µ –±–∞–≥, –∞ —Ñ–∏—á–∞](https://t.me/bugnotfeature)",41719,1262,0,Photo
1104344271,"–ù–µ –±–∞–≥, –∞ —Ñ–∏—á–∞",22346,N/A,2025-12-15 08:35:19,2025-12-15 14:05:19,1104344271,"–ù–µ –±–∞–≥, –∞ —Ñ–∏—á–∞ (@bugnotfeature)",media,"‚ùóÔ∏è**–ù–æ—É—Ç—ã —Å 8 –ì–ë –û–ó–£ —Å—Ç–∞–Ω—É—Ç –Ω–æ—Ä–º–æ–π** ‚Äî –ø—Ä–µ–¥—É–ø—Ä–µ–∂–¥–∞—é—Ç —ç–∫—Å–ø–µ—Ä—Ç—ã. –í—Å—ë –∏–∑-–∑–∞ –∫—Ä–∏–∑–∏—Å–∞ –Ω–∞ —Ä—ã–Ω–∫–µ –ø–∞–º—è—Ç–∏.  –ü—Ä–∏–≤—ã—á–Ω—ã–µ 16 –ì–ë –ø–µ—Ä–µ–π–¥—É—Ç –≤ –∫–∞—Ç–µ–≥–æ—Ä–∏—é –¥–æ—Ä–æ–≥–æ–≥–æ —Ö–∞–π‚Äë—ç–Ω–¥–∞ –¥–ª—è –∑–∞–∫–∞–∑—á–∏–∫–æ–≤ —Å –ò–ò, –∞ **–ø—Ä–æ—Å—Ç–æ–º—É –ø–æ–∫—É–ø–∞—Ç–µ–ª—é –æ—Å—Ç–∞–≤—è—Ç —É—Å—Ç—Ä–æ–π—Å—Ç–≤–∞ —Å 8 –ì–ë.**  –î–ª—è –ø–æ–Ω–∏–º–∞–Ω–∏—è: –≤ Windows 11 8 –≥–∏–≥–æ–≤ —Ö–≤–∞—Ç–∏—Ç –Ω–∞ —Ä–∞–±–æ—Ç—É –≤ –±—Ä–∞—É–∑–µ—Ä–µ –∏ –æ—Ç–ø—Ä–∞–≤–∫—É –ø–∏—Å–µ–º ‚Äî **–Ω–∏–∫–∞–∫–∏—Ö** **–∏–≥—Ä.**  –ü–ö-–≤–∏–¥–µ–æ–≥–µ–π–º–∏–Ω–≥: 1990-2025.  üôÇ [–ù–µ –±–∞–≥, –∞ —Ñ–∏—á–∞](https://t.me/bugnotfeature)",41464,586,0,Photo
1104344271,"–ù–µ –±–∞–≥, –∞ —Ñ–∏—á–∞",22345,N/A,2025-12-15 08:08:42,2025-12-15 13:38:42,1104344271,"–ù–µ –±–∞–≥, –∞ —Ñ–∏—á–∞ (@bugnotfeature)",media,"‚ö°Ô∏è**–í–µ—Å—å —Å–µ–∑–æ–Ω ¬´–û–Ω–æ: –î–æ–±—Ä–æ –ø–æ–∂–∞–ª–æ–≤–∞—Ç—å –≤ –î–µ—Ä—Ä–∏¬ª –í–´–®–ï–õ** ‚Äî —Ñ–∏–Ω–∞–ª –∑—Ä–∏—Ç–µ–ª–∏ –æ—Ü–µ–Ω–∏–ª–∏ –Ω–∞ –æ—à–µ–ª–æ–º–∏—Ç–µ–ª—å–Ω—ã–µ 9,6 –±–∞–ª–ª–æ–≤ –∏–∑ 10! –í –æ—Ç–∑—ã–≤–∞—Ö –æ—Ç–º–µ—á–∞—é—Ç, —á—Ç–æ **–ø—Ä–∏–∫–≤–µ–ª –≤—ã—à–µ–ª –õ–£–ß–®–ï –æ—Ä–∏–≥–∏–Ω–∞–ª—å–Ω–æ–π –¥–∏–ª–æ–≥–∏–∏ ¬´–û–ù–û¬ª.**  –ù–∞–ø–æ–º–∏–Ω–∞–µ–º —Å—é–∂–µ—Ç: –≤ 1962 –≥–æ–¥—É, –∑–∞ 27 –ª–µ—Ç –¥–æ –ø–µ—Ä–≤–æ–≥–æ —Ñ–∏–ª—å–º–∞ –æ –≥–æ—Ä–æ–¥–∫–µ –î–µ—Ä—Ä–∏, –∫–ª–æ—É–Ω –ü–µ–Ω–Ω–∏–≤–∞–π–∑ —Ç–æ–ª—å–∫–æ —Å—Ç–∞–Ω–æ–≤–∏—Ç—Å—è –∞–¥—Å–∫–∏–º —á—É–¥–∏—â–µ–º. –õ—É—á—à–∏–π —Ö–æ—Ä—Ä–æ—Ä –≥–æ–¥–∞ —É–∂–µ **–º–æ–∂–Ω–æ –Ω–∞–π—Ç–∏ –≤ –ë–ï–°–ü–õ–ê–¢–ù–´–• –∫–∏–Ω–æ—Ç–µ–∞—Ç—Ä–∞—Ö.**  –ü–ª–∞–Ω—ã –Ω–∞ –≤–µ—á–µ—Ä –ø–æ—Å—Ç—Ä–æ–µ–Ω—ã.  üôÇ [–ù–µ –±–∞–≥, –∞ —Ñ–∏—á–∞](https://t.me/bugnotfeature)",41587,682,0,Document
1104344271,"–ù–µ –±–∞–≥, –∞ —Ñ–∏—á–∞",22344,N/A,2025-12-15 06:08:01,2025-12-15 11:38:01,1104344271,"–ù–µ –±–∞–≥, –∞ —Ñ–∏—á–∞ (@bugnotfeature)",media,"–ù–æ–≤—ã–µ ¬´–ß–µ—Ä–µ–ø–∞—à–∫–∏-–Ω–∏–Ω–¥–∑—è¬ª –≤—ã–≥–ª—è–¥—è—Ç... –ò–Ω—Ç–µ—Ä–µ—Å–Ω–æ.  –£ –î–æ–Ω–∞—Ç–µ–ª–ª–æ –ø–∞–ª–∫–∞ –∏–∑ –±–µ—Ä—ë–∑—ã, —Å—Ç–æ –ø—Ä–æ—Ü–µ–Ω—Ç–æ–≤.  üôÇ [–ù–µ –±–∞–≥, –∞ —Ñ–∏—á–∞](https://t.me/bugnotfeature)",42742,529,0,Document
1104344271,"–ù–µ –±–∞–≥, –∞ —Ñ–∏—á–∞",22343,N/A,2025-12-14 22:23:49,2025-12-15 03:53:49,1104344271,"–ù–µ –±–∞–≥, –∞ —Ñ–∏—á–∞ (@bugnotfeature)",media,"‚ö°Ô∏è **–ù–∞—Ö–æ–¥–∏–º –í–ò–†–£–°–´ –≤ –õ–Æ–ë–´–• —Ñ–∞–π–ª–∞—Ö** ‚Äî –≤—ã—à–ª–∞ –º–æ—â–Ω–µ–π—à–∞—è —Ç—É–ª–∑–∞ Qu1cksc0pe, –∫–æ—Ç–æ—Ä–∞—è –∞–Ω–∞–ª–∏–∑–∏—Ä—É–µ—Ç –∏—Å–ø–æ–ª–Ω—è–µ–º—ã–µ —Ñ–∞–π–ª—ã –∏ –Ω–∞—Ö–æ–¥–∏—Ç –í–°–ï —Å—Ç–∞—Ç–∏—á–µ—Å–∫–∏–µ –≤–∏—Ä—É—Å—ã.   üîÖ **–ü–æ–∫–∞–∑—ã–≤–∞–µ—Ç, –∫–∞–∫–∏–µ DLL —Ñ–∞–π–ª—ã **–∏—Å–ø–æ–ª—å–∑—É—é—Ç—Å—è –ø—Ä—è–º–æ —Å–µ–π—á–∞—Å.  üîÖ **–°–∫–∞–Ω–∏—Ä—É–µ—Ç –≤—Å–µ —Ñ—É–Ω–∫—Ü–∏–∏, API, —Ä–∞–∑–¥–µ–ª—ã,** —Å–µ–≥–º–µ–Ω—Ç—ã, URL-–∞–¥—Ä–µ—Å–∞, IP-–∞–¥—Ä–µ—Å–∞ –∏ —ç–ª–µ–∫—Ç—Ä–æ–Ω–Ω—ã–µ –ø–∏—Å—å–º–∞. üîÖ **–ü—Ä–æ–≤–µ—Ä—è–µ—Ç –¥–æ–∫—É–º–µ–Ω—Ç—ã –ø–µ—Ä–µ–¥ –æ—Ç–∫—Ä—ã—Ç–∏–µ–º: **Word, Excel, HTML, Portable –∏ OneNote. üîÖ **–£–Ω–∏—á—Ç–æ–∂–∞–µ—Ç –≤–∏—Ä—É—Å—ã –≤ –ª—é–±—ã—Ö —Ñ–∞–π–ª–∞—Ö: **ZIP, RAR –∏ ACE. üîÖ **–î–æ—Å—Ç—É–ø–µ–Ω –Ω–∞ Windows –∏ Linux, **–∞ —Å–∫–∞–Ω–∏—Ä—É–µ—Ç –¥–∞–∂–µ Android.  üî§üî§üî§üî§üî§üî§üî§üî§üî§  –ü–æ–ª–Ω–∞—è –∑–∞—â–∏—Ç–∞ –ø—Ä–æ—Ç–∏–≤ –≤–∏—Ä—É—Å–æ–≤ ‚Äî [—Ç—É—Ç.](https://github.com/CYB3RMX/Qu1cksc0pe?tab=readme-ov-file)  üôÇ [–ù–µ –±–∞–≥, –∞ —Ñ–∏—á–∞](https://t.me/bugnotfeature)",44675,1719,0,Photo
1104344271,"–ù–µ –±–∞–≥, –∞ —Ñ–∏—á–∞",22342,N/A,2025-12-14 20:32:53,2025-12-15 02:02:53,1104344271,"–ù–µ –±–∞–≥, –∞ —Ñ–∏—á–∞ (@bugnotfeature)",media,"**–ó–∞—Å—ã–ø–∞–µ–º –∑–∞ –ú–ò–ù–£–¢–£** ‚Äî —ç–∫—Å–ø–µ—Ä—Ç—ã —Ä–∞—Å—Å–∫–∞–∑–∞–ª–∏ –ø—Ä–æ 5Ô∏è‚É£ –º–∞–ª–æ–∏–∑–≤–µ—Å—Ç–Ω—ã—Ö —Ç–µ—Ö–Ω–∏–∫, –∫–æ—Ç–æ—Ä—ã–µ —Ä–µ—à–∞—Ç –≤—Å–µ –ø—Ä–æ–±–ª–µ–º—ã —Å–æ —Å–Ω–æ–º.   1Ô∏è‚É£ **–ö–æ–≥–Ω–∏—Ç–∏–≤–Ω–æ–µ –ø–µ—Ä–µ–º–µ—à–∏–≤–∞–Ω–∏–µ:** –ë–µ—Ä—ë–º –Ω–µ–π—Ç—Ä–∞–ª—å–Ω–æ–µ —Å–ª–æ–≤–æ –≤—Ä–æ–¥–µ ¬´–æ–∑–µ—Ä–æ¬ª –∏ –Ω–∞—á–∏–Ω–∞–µ–º –ø–æ–¥–±–∏—Ä–∞—Ç—å —Å–ª–æ–≤–∞ –Ω–∞ –∫–∞–∂–¥—É—é –µ–≥–æ –±—É–∫–≤—É. –ú–æ–∑–≥ –ø–µ—Ä–µ–∫–ª—é—á–∞–µ—Ç—Å—è —Å —Ç—Ä–µ–≤–æ–≥, –º—ã—Å–ª–∏ –∑–∞–º–µ–¥–ª—è—é—Ç—Å—è, –∏ —É–∂–µ —á–µ—Ä–µ–∑ 10 –º–∏–Ω—É—Ç —Ç–µ–ª–æ –≥–æ—Ç–æ–≤–æ –∫–æ —Å–Ω—É.  2Ô∏è‚É£ **–ì–ª–∞–∑–∞ –≤—É–¥—É:** –ó–∞–∫—Ä—ã–≤–∞–µ–º –≥–ª–∞–∑–∞ –∏ –º–µ–¥–ª–µ–Ω–Ω–æ –ø–µ—Ä–µ–≤–æ–¥–∏–º –≤–∑–≥–ª—è–¥ –≤–ø—Ä–∞–≤–æ, –≤–ª–µ–≤–æ, –≤–Ω–∏–∑, –∑–∞—Ç–µ–º —Ä–∏—Å—É–µ–º –∫—Ä—É–≥–∏. –≠—Ç–∏ –¥–≤–∏–∂–µ–Ω–∏—è –∞–∫—Ç–∏–≤–∏—Ä—É—é—Ç –ø–∞—Ä–∞—Å–∏–º–ø–∞—Ç–∏—á–µ—Å–∫—É—é –Ω–µ—Ä–≤–Ω—É—é —Å–∏—Å—Ç–µ–º—É –∏ –±—É–∫–≤–∞–ª—å–Ω–æ –≤–æ–∑–≤—Ä–∞—â–∞—é—Ç –æ—Ä–≥–∞–Ω–∏–∑–º –≤ —Ä–µ–∂–∏–º –ø–æ–∫–æ—è.  3Ô∏è‚É£ **–ú–µ—Ç–æ–¥ –≤–æ–µ–Ω–Ω—ã—Ö –°–®–ê:** –£–¥–æ–±–Ω–æ –ª–æ–∂–∏–º—Å—è, –∑–∞–∫—Ä—ã–≤–∞–µ–º –≥–ª–∞–∑–∞ –∏ —Å—á–∏—Ç–∞–µ–º –¥–æ 30. –ó–∞—Ç–µ–º —Å–ª–µ–≥–∫–∞ –ø—Ä–∏–æ—Ç–∫—Ä—ã–≤–∞–µ–º –≥–ª–∞–∑–∞, –∫–∞–∫ —Ç–æ–Ω–∫–∏–π –ø–æ–ª—É–º–µ—Å—è—Ü, —Å—á–∏—Ç–∞–µ–º –¥–æ –ø—è—Ç–∏ –∏ —Å–Ω–æ–≤–∞ –∑–∞–∫—Ä—ã–≤–∞–µ–º. –ü–æ–≤—Ç–æ—Ä—è–µ–º –∏ –∫–æ–Ω—Ü–µ–Ω—Ç—Ä–∏—Ä—É–µ–º—Å—è –Ω–∞ –º–µ–¥–ª–µ–Ω–Ω–æ–º –¥—ã—Ö–∞–Ω–∏–∏ ‚Äî —Å–æ–Ω –Ω–∞–∫—Ä—ã–≤–∞–µ—Ç –Ω–µ–æ–∂–∏–¥–∞–Ω–Ω–æ –±—ã—Å—Ç—Ä–æ.  4Ô∏è‚É£ **–ü—è—Ç–∏–º–∏–Ω—É—Ç–Ω–∞—è —Ä–∞–∑–≥—Ä—É–∑–∫–∞:** –ó–∞–ø–∏—Å—ã–≤–∞–µ–º –∑–∞–¥–∞—á–∏ –Ω–∞ –∑–∞–≤—Ç—Ä–∞ –∏ –æ–¥–Ω–æ —Ö–æ—Ä–æ—à–µ–µ —Å–æ–±—ã—Ç–∏–µ –∑–∞ –¥–µ–Ω—å. –¢–∞–∫–æ–π —Å–ø–∏—Å–æ–∫ —Å–Ω–∏–º–∞–µ—Ç —Ç—Ä–µ–≤–æ–≥—É –∏ –æ—Å–≤–æ–±–æ–∂–¥–∞–µ—Ç –≥–æ–ª–æ–≤—É –æ—Ç –ª–∏—à–Ω–∏—Ö –º—ã—Å–ª–µ–π. ** **5Ô∏è‚É£ **–ú–µ—Ç–æ–¥ –ø—Ä–µ–¥–≤–∞—Ä–∏—Ç–µ–ª—å–Ω–æ–≥–æ —Å–Ω–æ–≤–∏–¥–µ–Ω–∏—è: ** –ü—Ä–µ–¥—Å—Ç–∞–≤–ª—è–µ–º –ø—Ä–∏—è—Ç–Ω—ã–π —Å—Ü–µ–Ω–∞—Ä–∏–π –±—É–¥—É—â–µ–≥–æ —Å–Ω–∞: –ø—Ä–æ–≥—É–ª–∫—É –ø–æ –≥–æ—Ä–∞–º, —Å–ø–æ–∫–æ–π–Ω–æ–µ –æ–∑–µ—Ä–æ, –ø–ª–∞–≤–∞–Ω–∏–µ –Ω–∞ –∫–∞–Ω–æ—ç. –ß–µ–º –¥–µ—Ç–∞–ª—å–Ω–µ–µ –∫–∞—Ä—Ç–∏–Ω–∫–∞, —Ç–µ–º –±—ã—Å—Ç—Ä–µ–µ –º–æ–∑–≥ ¬´–æ—Ç–ø—É—Å–∫–∞–µ—Ç¬ª –±–æ–¥—Ä—Å—Ç–≤–æ–≤–∞–Ω–∏–µ.   –£–±–∏–≤–∞–µ–º –Ω–µ–¥–æ—Å—ã–ø —Ä–∞–∑ –∏ –Ω–∞–≤—Å–µ–≥–¥–∞.   üôÇ [–ù–µ –±–∞–≥, –∞ —Ñ–∏—á–∞](https://t.me/bugnotfeature)",47806,2405,0,Photo
1104344271,"–ù–µ –±–∞–≥, –∞ —Ñ–∏—á–∞",22341,N/A,2025-12-14 14:35:52,2025-12-14 20:05:52,1104344271,"–ù–µ –±–∞–≥, –∞ —Ñ–∏—á–∞ (@bugnotfeature)",media,"**–£–¥–∞–ª–∏—Ç—å –ú–ê–• –ø—Ä–æ—Å—Ç–æ.** –ù—É–∂–Ω–æ –≤—Å–µ–≥–æ –ª–∏—à—å...  üôÇ [–ù–µ –±–∞–≥, –∞ —Ñ–∏—á–∞](https://t.me/bugnotfeature)",54341,1471,0,Photo
1104344271,"–ù–µ –±–∞–≥, –∞ —Ñ–∏—á–∞",22340,N/A,2025-12-14 11:16:12,2025-12-14 16:46:12,1104344271,"–ù–µ –±–∞–≥, –∞ —Ñ–∏—á–∞ (@bugnotfeature)",media,"‚ÄºÔ∏è**–ö–∏–ø—Ä –£–ü–†–û–°–¢–ò–õ –ø–æ–ª—É—á–µ–Ω–∏–µ –≤–∏–∑ –¥–ª—è –≥—Ä–∞–∂–¥–∞–Ω –†–§ ‚Äî** —É–∂–µ –∑–∞–≤—Ç—Ä–∞ –≤–∏–∑–æ–≤—ã–µ —Ü–µ–Ω—Ç—Ä—ã –æ—Ç–∫—Ä–æ—é—Ç—Å—è –≤ 8Ô∏è‚É£ –≥–æ—Ä–æ–¥–∞—Ö –†–æ—Å—Å–∏–∏:  üîÖ–ú–æ—Å–∫–≤–∞; üîÖ–ü–∏—Ç–µ—Ä; üîÖ–ï–∫–∞—Ç–µ—Ä–∏–Ω–±—É—Ä–≥; üîÖ–†–æ—Å—Ç–æ–≤-–Ω–∞-–î–æ–Ω—É; üîÖ–ù–∏–∂–Ω–∏–π –ù–æ–≤–≥–æ—Ä–æ–¥; üîÖ–°–∞–º–∞—Ä–∞; üîÖ–ö–∞–∑–∞–Ω—å; üîÖ–ù–æ–≤–æ—Å–∏–±–∏—Ä—Å–∫.  –í–æ—Ç, –∫—É–¥–∞ –º—ã –ø–æ–ª–µ—Ç–∏–º –Ω–∞ –Ω–æ–≤–æ–≥–æ–¥–Ω–∏–µ.  üôÇ [–ù–µ –±–∞–≥, –∞ —Ñ–∏—á–∞](https://t.me/bugnotfeature)",52995,703,0,Photo
1104344271,"–ù–µ –±–∞–≥, –∞ —Ñ–∏—á–∞",22339,N/A,2025-12-14 09:31:01,2025-12-14 15:01:01,1104344271,"–ù–µ –±–∞–≥, –∞ —Ñ–∏—á–∞ (@bugnotfeature)",media,"‚ö°Ô∏è**–í –î–æ–¥–æ –ø–æ—è–≤–∏–ª–∞—Å—å** **–ø–∏—Ü—Ü–∞ —Å –û–õ–ò–í–¨–ï ‚Äî** –Ω–æ–≤–æ–≥–æ–¥–Ω–µ–µ –±–ª—é–¥–æ –µ—Å—Ç—å –ø–æ–∫–∞ —Ç–æ–ª—å–∫–æ –≤ —Å–µ—Ä–±—Å–∫–∏—Ö —Ñ–∏–ª–∏–∞–ª–∞—Ö –ø–∏—Ü—Ü–µ—Ä–∏–∏.  –°–æ—Å—Ç–∞–≤: –∫—É—Ä–∏—Ü–∞, –≥–æ—Ä–æ—à–µ–∫, —Å–æ–ª—ë–Ω—ã–µ –æ–≥—É—Ä—á–∏–∫–∏, –º–æ—Ä–∫–æ–≤–∫–∞, –∫–∞—Ä—Ç–æ—à–∫–∞ –∏ –º–æ—Ü–∞—Ä–µ–ª–ª–∞. **–¶–µ–Ω–∞ ‚Äî –æ–∫–æ–ª–æ 1000 —Ä—É–±–ª–µ–π.**  –ñ–¥—ë–º –≤ –†–æ—Å—Å–∏–∏.  üôÇ [–ù–µ –±–∞–≥, –∞ —Ñ–∏—á–∞](https://t.me/bugnotfeature)",48481,465,0,Photo
1104344271,"–ù–µ –±–∞–≥, –∞ —Ñ–∏—á–∞",22338,N/A,2025-12-14 09:01:01,2025-12-14 14:31:01,1104344271,"–ù–µ –±–∞–≥, –∞ —Ñ–∏—á–∞ (@bugnotfeature)",media,"**–ù–æ–≤—ã–µ –∫–∞–¥—Ä—ã —ç–∫—Ä–∞–Ω–∏–∑–∞—Ü–∏–∏ ¬´–ë—É—Ä–∞—Ç–∏–Ω–æ¬ª** –≤—ã–∫–∞—Ç–∏–ª–∏ –≤ —Å–µ—Ç—å... –í—ã–≥–ª—è–¥–∏—Ç –Ω–µ–æ–∂–∏–¥–∞–Ω–Ω–æ —Ö–æ—Ä–æ—à–æ.  üôÇ [–ù–µ –±–∞–≥, –∞ —Ñ–∏—á–∞](https://t.me/bugnotfeature)",42595,439,0,Document
1104344271,"–ù–µ –±–∞–≥, –∞ —Ñ–∏—á–∞",22337,N/A,2025-12-14 08:31:00,2025-12-14 14:01:00,1104344271,"–ù–µ –±–∞–≥, –∞ —Ñ–∏—á–∞ (@bugnotfeature)",media,"**–ù–µ–π—Ä–æ–Ω–∫–∞ –≤—ã–¥–∞–ª–∞ –ß–ï–ö-–õ–ò–°–¢ –ø–æ –±–µ–∑–æ–ø–∞—Å–Ω–æ—Å—Ç–∏ –≤ —Å–µ—Ç–∏** ‚Äî –ì–∏–≥–∞—á–∞—Ç –Ω–∞–ø–æ–º–Ω–∏–ª –≥–ª–∞–≤–Ω—ã–µ –ª–∞–π—Ñ—Ö–∞–∫–∏, –∫–æ—Ç–æ—Ä—ã–µ –æ–±–µ—Å–ø–µ—á–∞—Ç –ø–æ–ª–Ω—É—é –∑–∞—â–∏—Ç—É –≤ –∏–Ω—Ç–µ—Ä–Ω–µ—Ç–µ.   –í 2025 –≥–æ–¥—É **—á–µ–ª–æ–≤–µ—á–µ—Å–∫–∏–π —Ñ–∞–∫—Ç–æ—Ä –æ—Å—Ç–∞—ë—Ç—Å—è –≥–ª–∞–≤–Ω–æ–π –ø—Ä–∏—á–∏–Ω–æ–π —É—Ç–µ—á–µ–∫** ‚Äî –¥–∞–Ω–Ω—ã–µ –∏ –∞–∫–∫–∞—É–Ω—Ç—ã —Ç–µ—Ä—è—é—Ç—Å—è –Ω–µ —Ç–æ–ª—å–∫–æ –ø–æ—Ç–æ–º—É, —á—Ç–æ —Ö–∞–∫–µ—Ä—ã —Å—Ç–∞–ª–∏  —É–º–Ω–µ–µ, —Ö–∏—Ç—Ä–µ–µ. –ù–æ –∏ –ø–æ—Ç–æ–º—É, —á—Ç–æ —é–∑–µ—Ä—ã –ø—Ä–µ–Ω–µ–±—Ä–µ–≥–∞—é—Ç —Å–≤–æ–µ–π –∫–∏–±–µ—Ä–±–µ–∑–æ–ø–∞—Å–Ω–æ—Å—Ç—å—é.   –°–º–æ—Ç—Ä–∏–º –≤–∏–¥–æ—Å —Å–æ –∑–≤—É–∫–æ–º –∏ –ø—Ä–æ–≤–µ—Ä—è–µ–º —Å–µ–±—è.   üôÇ [–ù–µ –±–∞–≥, –∞ —Ñ–∏—á–∞](https://t.me/bugnotfeature)",39019,204,0,Document
